posix,decision
01-dcat-ap/3.0.0-hvd/example-bees_wasps_dataset.jsonld,keep
01-dcat-ap/3.0.0-hvd/example-bees_wasps_dataset.ttl,move
01-dcat-ap/3.0.0-hvd/example-data_service_openapi_sla.jsonld,keep
01-dcat-ap/3.0.0-hvd/example-data_service_openapi_sla.ttl,keep
01-dcat-ap/3.0.0-hvd/example-data_service_service_desk.jsonld,keep
01-dcat-ap/3.0.0-hvd/example-data_service_service_desk.ttl,keep
01-dcat-ap/3.0.0-hvd/example-data_service_terms_sla.jsonld,keep
01-dcat-ap/3.0.0-hvd/example-data_service_terms_sla.ttl,keep
01-dcat-ap/3.0.0-hvd/example-map_licenses.jsonld,move
01-dcat-ap/3.0.0-hvd/example-map_licenses.ttl,move
01-dcat-ap/3.0.0-hvd/example-ms_catalogue.jsonld,keep
01-dcat-ap/3.0.0-hvd/example-ms_catalogue.ttl,keep
01-dcat-ap/3.0.0-hvd/example-ms_catalogue_hvd.jsonld,keep
01-dcat-ap/3.0.0-hvd/example-ms_catalogue_hvd.ttl,keep
01-dcat-ap/3.0.0-hvd/example-ms_catalogue_simple.jsonld,move
01-dcat-ap/3.0.0-hvd/example-ms_catalogue_simple.ttl,move
01-dcat-ap/3.0.0-hvd/example-ms_dataset.jsonld,keep
01-dcat-ap/3.0.0-hvd/example-ms_dataset.ttl,keep
01-dcat-ap/3.0.0-hvd/example-ms_dataset_2_distributions.jsonld,keep
01-dcat-ap/3.0.0-hvd/example-ms_dataset_2_distributions.ttl,keep
01-dcat-ap/3.0.0-hvd/example-ms_dataset_2_identifiers.jsonld,keep
01-dcat-ap/3.0.0-hvd/example-ms_dataset_2_identifiers.ttl,keep
01-dcat-ap/3.0.0-hvd/example-ms_dataset_2_licenses.jsonld,keep
01-dcat-ap/3.0.0-hvd/example-ms_dataset_2_licenses.ttl,keep
01-dcat-ap/3.0.0-hvd/example-ms_dataset_data_service.jsonld,keep
01-dcat-ap/3.0.0-hvd/example-ms_dataset_data_service.ttl,keep
01-dcat-ap/3.0.0-hvd/example-ms_dataset_hvd_profile.jsonld,keep
01-dcat-ap/3.0.0-hvd/example-ms_dataset_hvd_profile.ttl,keep
01-dcat-ap/3.0.0-hvd/example-restrict_licenses.jsonld,keep
01-dcat-ap/3.0.0-hvd/example-restrict_licenses.ttl,keep
01-dcat-ap/3.0.1-core/context.jsonld,move
01-dcat-ap/3.0.1-core/example-bee-population-2022-2023.jsonld,keep
01-dcat-ap/3.0.1-core/example-bee-population-2022-2023.ttl,keep
01-dcat-ap/3.0.1-core/example-bee-population-dataset-frequency.jsonld,keep
01-dcat-ap/3.0.1-core/example-bee-population-dataset-frequency.ttl,keep
01-dcat-ap/3.0.1-core/example-bee-population-dataset-series-api.jsonld,keep
01-dcat-ap/3.0.1-core/example-bee-population-dataset-series-api.ttl,move
01-dcat-ap/3.0.1-core/example-bee-population-dataset-series-combined.jsonld,keep
01-dcat-ap/3.0.1-core/example-bee-population-dataset-series-combined.ttl,move
01-dcat-ap/3.0.1-core/example-bee-population-dataset-series-frequency.jsonld,keep
01-dcat-ap/3.0.1-core/example-bee-population-dataset-series-frequency.ttl,keep
01-dcat-ap/3.0.1-core/example-bee-population-dataset-series-gea-nha.jsonld,keep
01-dcat-ap/3.0.1-core/example-bee-population-dataset-series-gea-nha.ttl,keep
01-dcat-ap/3.0.1-core/example-bee-population-dataset-series-issued.jsonld,keep
01-dcat-ap/3.0.1-core/example-bee-population-dataset-series-issued.ttl,keep
01-dcat-ap/3.0.1-core/example-bee-population-dataset-series-life-count.jsonld,keep
01-dcat-ap/3.0.1-core/example-bee-population-dataset-series-life-count.ttl,keep
01-dcat-ap/3.0.1-core/example-bee-population-dataset-series-modified.jsonld,keep
01-dcat-ap/3.0.1-core/example-bee-population-dataset-series-modified.ttl,keep
01-dcat-ap/3.0.1-core/example-bee-population-dataset-series-ordered.jsonld,keep
01-dcat-ap/3.0.1-core/example-bee-population-dataset-series-ordered.ttl,keep
01-dcat-ap/3.0.1-core/example-bee-population-dataset-series-spatial-thessaloniki-athens.jsonld,keep
01-dcat-ap/3.0.1-core/example-bee-population-dataset-series-spatial-thessaloniki-athens.ttl,keep
01-dcat-ap/3.0.1-core/example-bee-population-dataset-series-spatial-thessaloniki.jsonld,keep
01-dcat-ap/3.0.1-core/example-bee-population-dataset-series-spatial-thessaloniki.ttl,keep
01-dcat-ap/3.0.1-core/example-bee-population-dataset-series.jsonld,keep
01-dcat-ap/3.0.1-core/example-bee-population-dataset-series.ttl,keep
01-dcat-ap/3.0.1-core/example-bee-population.jsonld,keep
01-dcat-ap/3.0.1-core/example-bee-population.ttl,keep
01-dcat-ap/3.0.1-core/example-bee-populaton-2022-2023.jsonld,keep
01-dcat-ap/3.0.1-core/example-bee-populaton-2022-2023.ttl,keep
01-dcat-ap/real-world/catalog.rdf,keep
01-dcat-ap/real-world/catalog_datasets_list.rdf,keep
01-dcat-ap/real-world/catalog_pod.jsonld,keep
01-dcat-ap/real-world/catalog_with_at_graph.jsonld,keep
01-dcat-ap/real-world/dataset.rdf,keep
01-dcat-ap/real-world/dataset.ttl,keep
01-dcat-ap/real-world/dataset_afs.ttl,keep
01-dcat-ap/real-world/dataset_deri.ttl,keep
01-dcat-ap/real-world/dataset_gob_es.ttl,keep
01-dcat-ap/real-world/dataset_gov_de.rdf,keep
01-dcat-ap/real-world/dataset_multilingual.ttl,keep
01-dcat-ap/real-world/dataset_sweden.rdf,keep
02-geodcat-ap/2.0.0-examples/README.md,move
02-geodcat-ap/2.0.0-examples/activity.jsonld,move
02-geodcat-ap/2.0.0-examples/activity.rdf,move
02-geodcat-ap/2.0.0-examples/activity.ttl,move
02-geodcat-ap/2.0.0-examples/address-agent.jsonld,move
02-geodcat-ap/2.0.0-examples/address-agent.rdf,move
02-geodcat-ap/2.0.0-examples/address-agent.ttl,move
02-geodcat-ap/2.0.0-examples/address-kind.jsonld,move
02-geodcat-ap/2.0.0-examples/address-kind.rdf,move
02-geodcat-ap/2.0.0-examples/address-kind.ttl,move
02-geodcat-ap/2.0.0-examples/agent.jsonld,move
02-geodcat-ap/2.0.0-examples/agent.rdf,move
02-geodcat-ap/2.0.0-examples/agent.ttl,move
02-geodcat-ap/2.0.0-examples/attribution.jsonld,move
02-geodcat-ap/2.0.0-examples/attribution.rdf,move
02-geodcat-ap/2.0.0-examples/attribution.ttl,move
02-geodcat-ap/2.0.0-examples/catalogue-record.jsonld,move
02-geodcat-ap/2.0.0-examples/catalogue-record.rdf,move
02-geodcat-ap/2.0.0-examples/catalogue-record.ttl,move
02-geodcat-ap/2.0.0-examples/category-scheme.jsonld,move
02-geodcat-ap/2.0.0-examples/category-scheme.rdf,move
02-geodcat-ap/2.0.0-examples/category-scheme.ttl,move
02-geodcat-ap/2.0.0-examples/category.jsonld,move
02-geodcat-ap/2.0.0-examples/category.rdf,move
02-geodcat-ap/2.0.0-examples/category.ttl,move
02-geodcat-ap/2.0.0-examples/data-service.jsonld,move
02-geodcat-ap/2.0.0-examples/data-service.rdf,keep
02-geodcat-ap/2.0.0-examples/data-service.ttl,keep
02-geodcat-ap/2.0.0-examples/dataset.jsonld,move
02-geodcat-ap/2.0.0-examples/dataset.rdf,keep
02-geodcat-ap/2.0.0-examples/dataset.ttl,keep
02-geodcat-ap/2.0.0-examples/distribution.jsonld,move
02-geodcat-ap/2.0.0-examples/distribution.rdf,keep
02-geodcat-ap/2.0.0-examples/distribution.ttl,keep
02-geodcat-ap/2.0.0-examples/document.jsonld,move
02-geodcat-ap/2.0.0-examples/document.rdf,move
02-geodcat-ap/2.0.0-examples/document.ttl,move
02-geodcat-ap/2.0.0-examples/kind.jsonld,move
02-geodcat-ap/2.0.0-examples/kind.rdf,move
02-geodcat-ap/2.0.0-examples/kind.ttl,move
02-geodcat-ap/2.0.0-examples/licence-document.jsonld,move
02-geodcat-ap/2.0.0-examples/licence-document.rdf,move
02-geodcat-ap/2.0.0-examples/licence-document.ttl,move
02-geodcat-ap/2.0.0-examples/location-geom.jsonld,move
02-geodcat-ap/2.0.0-examples/location-geom.rdf,move
02-geodcat-ap/2.0.0-examples/location-geom.ttl,move
02-geodcat-ap/2.0.0-examples/location-gn.jsonld,move
02-geodcat-ap/2.0.0-examples/location-gn.rdf,move
02-geodcat-ap/2.0.0-examples/location-gn.ttl,move
02-geodcat-ap/2.0.0-examples/media-type.jsonld,move
02-geodcat-ap/2.0.0-examples/media-type.rdf,move
02-geodcat-ap/2.0.0-examples/media-type.ttl,move
02-geodcat-ap/2.0.0-examples/metric.jsonld,move
02-geodcat-ap/2.0.0-examples/metric.rdf,move
02-geodcat-ap/2.0.0-examples/metric.ttl,move
02-geodcat-ap/2.0.0-examples/period-of-time-with-owl-time.jsonld,move
02-geodcat-ap/2.0.0-examples/period-of-time-with-owl-time.rdf,move
02-geodcat-ap/2.0.0-examples/period-of-time-with-owl-time.ttl,move
02-geodcat-ap/2.0.0-examples/period-of-time.jsonld,move
02-geodcat-ap/2.0.0-examples/period-of-time.rdf,move
02-geodcat-ap/2.0.0-examples/period-of-time.ttl,move
02-geodcat-ap/2.0.0-examples/provenance-statement.jsonld,move
02-geodcat-ap/2.0.0-examples/provenance-statement.rdf,move
02-geodcat-ap/2.0.0-examples/provenance-statement.ttl,move
02-geodcat-ap/2.0.0-examples/quality-measurement.jsonld,move
02-geodcat-ap/2.0.0-examples/quality-measurement.rdf,move
02-geodcat-ap/2.0.0-examples/quality-measurement.ttl,move
02-geodcat-ap/2.0.0-examples/standard-crs.jsonld,move
02-geodcat-ap/2.0.0-examples/standard-crs.rdf,move
02-geodcat-ap/2.0.0-examples/standard-crs.ttl,move
02-geodcat-ap/2.0.0-examples/standard-ir.jsonld,move
02-geodcat-ap/2.0.0-examples/standard-ir.rdf,move
02-geodcat-ap/2.0.0-examples/standard-ir.ttl,move
02-geodcat-ap/2.0.0-examples/standard-md.jsonld,move
02-geodcat-ap/2.0.0-examples/standard-md.rdf,move
02-geodcat-ap/2.0.0-examples/standard-md.ttl,move
03-mobilitydcat-ap-1.1.0/SE NAP_dataset_expressed in mobilityDCAT-AP_minimum population_240205.ttl,keep
03-mobilitydcat-ap-1.1.0/SE NAP_dataset_expressed in mobilityDCAT-AP_minimum population_240205.xml,keep
03-mobilitydcat-ap-1.1.0/SE NAP_dataset_expressed in mobilityDCAT-AP_original population_240205.ttl,keep
03-mobilitydcat-ap-1.1.0/SE NAP_dataset_expressed in mobilityDCAT-AP_original population_240205.xml,keep
03-mobilitydcat-ap-1.1.0/SE NAP_dataset_original in proprietary DCAT-AP_240205.xml,keep
04-healthdcat-ap/dataset_health.ttl,keep
04-healthdcat-ap/dataset_health_multilingual.ttl,keep
04-healthdcat-ap/dataset_health_no_blank.ttl,keep
04-healthdcat-ap/healthDCATAP_RDF_template.ttl,keep
04-healthdcat-ap/health_dcat_ap.json,move
05-mldcat-ap-3.1.0/eosc-mldcat-ap-context.jsonld,move
05-mldcat-ap-3.1.0/eosc-mldcat-ap.jsonld,move
05-mldcat-ap-3.1.0/example-dataset.jsonld,keep
05-mldcat-ap-3.1.0/example-dataset.ttl,keep
05-mldcat-ap-3.1.0/example-machinelearningmodel-eosc.jsonld,keep
05-mldcat-ap-3.1.0/example-machinelearningmodel-eosc.ttl,keep
05-mldcat-ap-3.1.0/example-machinelearningmodel-hf-apertus.jsonld,keep
05-mldcat-ap-3.1.0/example-machinelearningmodel-hf-apertus.ttl,keep
05-mldcat-ap-3.1.0/example-machinelearningmodel-hf-bloom.jsonld,keep
05-mldcat-ap-3.1.0/example-machinelearningmodel-hf-bloom.ttl,keep
06-statdcat-ap-1.0.1/StatDCAT-AP_1.0.1.ttl,move
07-national-profiles/de-dcat-ap-de/2024-02-22_UAG_Beispieldatensatz_v1.ttl,move
07-national-profiles/de-dcat-ap-de/v2.0-examples/RDF-JSONLD/dcat_ap_de-RefImp_JSONLD_ADVANCED.jsonld,keep
07-national-profiles/de-dcat-ap-de/v2.0-examples/RDF-JSONLD/dcat_ap_de-RefImp_JSONLD_SIMPLE.jsonld,keep
07-national-profiles/de-dcat-ap-de/v2.0-examples/RDF-TURTLE/dcat_ap_de-RefImp_TTL_ADVANCED.ttl,keep
07-national-profiles/de-dcat-ap-de/v2.0-examples/RDF-TURTLE/dcat_ap_de-RefImp_TTL_SIMPLE.ttl,keep
07-national-profiles/de-dcat-ap-de/v2.0-examples/RDF-XML/dcat_ap_de-RefImp_RDF_ADVANCED.rdf,keep
07-national-profiles/de-dcat-ap-de/v2.0-examples/RDF-XML/dcat_ap_de-RefImp_RDF_SIMPLE.rdf,keep
07-national-profiles/de-dcat-ap-de/v2.0-examples/RDF-XML/other/ex-23-dataservice.rdf,keep
07-national-profiles/de-dcat-ap-de/v2.0-examples/readme.txt,move
07-national-profiles/es-dcat-ap-es/rdf/1.0.0/E_DCAT-AP-ES_Catalog.rdf,keep
07-national-profiles/es-dcat-ap-es/rdf/1.0.0/E_DCAT-AP-ES_Catalog_HVD.rdf,keep
07-national-profiles/es-dcat-ap-es/rdf/1.0.0/E_DCAT-AP-ES_Catalog_NSIP.rdf,keep
07-national-profiles/es-dcat-ap-es/rdf/1.0.0/E_DCAT-AP-ES_full_optional.rdf,keep
07-national-profiles/es-dcat-ap-es/rdf/1.0.0/E_DCAT-AP-ES_minimal.rdf,keep
07-national-profiles/es-dcat-ap-es/rdf/A01_Nombre_Catálogo.rdf,move
07-national-profiles/es-dcat-ap-es/rdf/A02_Nombre_Catálogo_ampliado.rdf,move
07-national-profiles/es-dcat-ap-es/rdf/Conventions_annex-4.rdf,move
07-national-profiles/es-dcat-ap-es/rdf/E10_Data_Service_CSW_HVD.rdf,keep
07-national-profiles/es-dcat-ap-es/rdf/E1_Catalog_Dataset-DataService-HVD.rdf,move
07-national-profiles/es-dcat-ap-es/rdf/E1_Catalogo_solo_obligatorias.rdf,move
07-national-profiles/es-dcat-ap-es/rdf/E2_Catalogo_obligatorias_recomendadas.rdf,keep
07-national-profiles/es-dcat-ap-es/rdf/E3_Catalogo_obligatorias_recomendadas_opcionales.rdf,keep
07-national-profiles/es-dcat-ap-es/rdf/E4_Catalogo_publisher_organizacion.rdf,move
07-national-profiles/es-dcat-ap-es/rdf/E5_Catalog_record.rdf,keep
07-national-profiles/es-dcat-ap-es/rdf/E6_Dataset_HVD.rdf,keep
07-national-profiles/es-dcat-ap-es/rdf/E7_Distribuciones_HVD.rdf,keep
07-national-profiles/es-dcat-ap-es/rdf/E8_1_Gestion_identificadores.rdf,keep
07-national-profiles/es-dcat-ap-es/rdf/E8_2_Gestion_identificadores.rdf,keep
07-national-profiles/es-dcat-ap-es/rdf/E9_Data_Service_HVD.rdf,keep
07-national-profiles/es-dcat-ap-es/ttl/1.0.0/E_DCAT-AP-ES_Catalog.ttl,keep
07-national-profiles/es-dcat-ap-es/ttl/1.0.0/E_DCAT-AP-ES_Catalog_HVD.ttl,keep
07-national-profiles/es-dcat-ap-es/ttl/1.0.0/E_DCAT-AP-ES_Catalog_HVD_full.ttl,keep
07-national-profiles/es-dcat-ap-es/ttl/1.0.0/E_DCAT-AP-ES_Catalog_HVD_minimal.ttl,keep
07-national-profiles/es-dcat-ap-es/ttl/1.0.0/E_DCAT-AP-ES_Catalog_NSIP.ttl,keep
07-national-profiles/es-dcat-ap-es/ttl/1.0.0/E_DCAT-AP-ES_full.ttl,keep
07-national-profiles/es-dcat-ap-es/ttl/1.0.0/E_DCAT-AP-ES_full_optional.ttl,keep
07-national-profiles/es-dcat-ap-es/ttl/1.0.0/E_DCAT-AP-ES_minimal.ttl,keep
07-national-profiles/es-dcat-ap-es/ttl/A01_Nombre_Catálogo.ttl,move
07-national-profiles/es-dcat-ap-es/ttl/A02_Nombre_Catálogo_ampliado.ttl,move
07-national-profiles/es-dcat-ap-es/ttl/Conventions_annex-4.ttl,move
07-national-profiles/es-dcat-ap-es/ttl/Conventions_catalog-dcat-themetaxonomy.ttl,move
07-national-profiles/es-dcat-ap-es/ttl/Conventions_catalog-dct-haspart.ttl,keep
07-national-profiles/es-dcat-ap-es/ttl/Conventions_dataservice-apikey-public.ttl,keep
07-national-profiles/es-dcat-ap-es/ttl/Conventions_dataservice-apikey-restricted.ttl,keep
07-national-profiles/es-dcat-ap-es/ttl/Conventions_dataservice-hvd-dataservice.ttl,keep
07-national-profiles/es-dcat-ap-es/ttl/Conventions_dataservice-ogc-services.ttl,move
07-national-profiles/es-dcat-ap-es/ttl/Conventions_dataset-dcat-contactpoint_correct.ttl,move
07-national-profiles/es-dcat-ap-es/ttl/Conventions_dataset-dcat-contactpoint_incorrect.ttl,move
07-national-profiles/es-dcat-ap-es/ttl/Conventions_dataset-dcat-distribution.ttl,keep
07-national-profiles/es-dcat-ap-es/ttl/Conventions_dataset-dct-spatial-geometry.ttl,move
07-national-profiles/es-dcat-ap-es/ttl/Conventions_dataset-dct-spatial_correct.ttl,move
07-national-profiles/es-dcat-ap-es/ttl/Conventions_dataset-dct-spatial_incorrect.ttl,move
07-national-profiles/es-dcat-ap-es/ttl/Conventions_dataset-metadata-relation.ttl,keep
07-national-profiles/es-dcat-ap-es/ttl/Conventions_distribution-ogc-urls.ttl,keep
07-national-profiles/es-dcat-ap-es/ttl/Conventions_general-dates.ttl,keep
07-national-profiles/es-dcat-ap-es/ttl/Conventions_general-eli.ttl,move
07-national-profiles/es-dcat-ap-es/ttl/Conventions_general-http-uris.ttl,keep
07-national-profiles/es-dcat-ap-es/ttl/Conventions_general-nsip-erpd-publication.ttl,keep
07-national-profiles/es-dcat-ap-es/ttl/Conventions_general-resource-identifier.ttl,keep
07-national-profiles/es-dcat-ap-es/ttl/Conventions_general-temporal.ttl,keep
07-national-profiles/es-dcat-ap-es/ttl/Conventions_general-themes.ttl,move
07-national-profiles/es-dcat-ap-es/ttl/Conventions_general-uri-encoding.ttl,keep
07-national-profiles/es-dcat-ap-es/ttl/Conventions_general_temporal-resolution.ttl,move
07-national-profiles/es-dcat-ap-es/ttl/E10_Data_Service_CSW_HVD.ttl,keep
07-national-profiles/es-dcat-ap-es/ttl/E1_Catalog_Dataset-DataService-HVD.ttl,keep
07-national-profiles/es-dcat-ap-es/ttl/E1_Catalogo_solo_obligatorias.ttl,move
07-national-profiles/es-dcat-ap-es/ttl/E2_Catalogo_obligatorias_recomendadas.ttl,keep
07-national-profiles/es-dcat-ap-es/ttl/E3_Catalogo_obligatorias_recomendadas_opcionales.ttl,keep
07-national-profiles/es-dcat-ap-es/ttl/E4_Catalogo_publisher_organizacion.ttl,move
07-national-profiles/es-dcat-ap-es/ttl/E5_Catalog_record.ttl,keep
07-national-profiles/es-dcat-ap-es/ttl/E6_Dataset_HVD.ttl,keep
07-national-profiles/es-dcat-ap-es/ttl/E7_Distribuciones_HVD.ttl,keep
07-national-profiles/es-dcat-ap-es/ttl/E8_1_Gestion_identificadores.ttl,keep
07-national-profiles/es-dcat-ap-es/ttl/E8_2_Gestion_identificadores.ttl,keep
07-national-profiles/es-dcat-ap-es/ttl/E9_Data_Service_HVD.ttl,keep
07-national-profiles/es-dcat-ap-es/ttl/NTI-RISPv1_Catalog.ttl,move
07-national-profiles/es-dcat-ap-es/ttl/NTI-RISPv1_Dataset.ttl,keep
07-national-profiles/es-dcat-ap-es/ttl/NTI-RISPv1_Distribution.ttl,move
07-national-profiles/no-dcat-ap-no/DCAT-AP-NO2.0-examples.ttl,keep
07-national-profiles/no-dcat-ap-no/dataset-series-example.ttl,keep
07-national-profiles/no-dcat-ap-no/test.ttl,keep
07-national-profiles/no-dcat-ap-no/test2.ttl,keep
07-national-profiles/no-dcat-ap-no/test_begrep.ttl,move
10-dcat-us-3.0/context/dcat-us-3.0.jsonld,move
10-dcat-us-3.0/json/AccessRestriction/good/minimal_example.json,move
10-dcat-us-3.0/json/AccessRestriction/good/null_example.json,move
10-dcat-us-3.0/json/AccessRestriction/good/typical_example.json,move
10-dcat-us-3.0/json/Activity/bad/invalid_label_type.json,move
10-dcat-us-3.0/json/Activity/bad/missing_required_label.json,move
10-dcat-us-3.0/json/Activity/good/complete_example.json,move
10-dcat-us-3.0/json/Activity/good/minimal_example.json,move
10-dcat-us-3.0/json/Activity/good/null_example.json,move
10-dcat-us-3.0/json/Activity/good/typical_example.json,move
10-dcat-us-3.0/json/Address/bad/invalid_country_type.json,move
10-dcat-us-3.0/json/Address/bad/invalid_postal_code_type.json,move
10-dcat-us-3.0/json/Address/good/complete_example.json,move
10-dcat-us-3.0/json/Address/good/minimal_example.json,move
10-dcat-us-3.0/json/Address/good/null_example.json,move
10-dcat-us-3.0/json/Address/good/typical_example.json,move
10-dcat-us-3.0/json/Agent/bad/concept_missing_prefLabel.json,move
10-dcat-us-3.0/json/Agent/bad/invalid_category_type.json,move
10-dcat-us-3.0/json/Agent/bad/invalid_name_type.json,move
10-dcat-us-3.0/json/Agent/bad/missing_required_name.json,move
10-dcat-us-3.0/json/Agent/good/complete_example.json,move
10-dcat-us-3.0/json/Agent/good/minimal_example.json,move
10-dcat-us-3.0/json/Agent/good/null_example.json,move
10-dcat-us-3.0/json/Agent/good/simple_category_example.json,move
10-dcat-us-3.0/json/Agent/good/typical_example.json,move
10-dcat-us-3.0/json/Attribution/bad/invalid_hadRole_type.json,move
10-dcat-us-3.0/json/Attribution/bad/missing_required_agent.json,move
10-dcat-us-3.0/json/Attribution/bad/missing_required_hadRole.json,move
10-dcat-us-3.0/json/Attribution/good/complete_example.json,move
10-dcat-us-3.0/json/Attribution/good/minimal_example.json,move
10-dcat-us-3.0/json/Attribution/good/typical_example.json,move
10-dcat-us-3.0/json/CUIRestriction/bad/invalid_cuiBannerMarking_type.json,move
10-dcat-us-3.0/json/CUIRestriction/bad/missing_cuiBannerMarking.json,move
10-dcat-us-3.0/json/CUIRestriction/bad/missing_designationIndicator.json,move
10-dcat-us-3.0/json/CUIRestriction/good/complete_example.json,move
10-dcat-us-3.0/json/CUIRestriction/good/minimal_example.json,move
10-dcat-us-3.0/json/CUIRestriction/good/null_example.json,move
10-dcat-us-3.0/json/CUIRestriction/good/typical_example.json,move
10-dcat-us-3.0/json/Catalog/bad/invalid_dataset_type.json,move
10-dcat-us-3.0/json/Catalog/bad/invalid_homepage_type.json,keep
10-dcat-us-3.0/json/Catalog/bad/invalid_issued_format.json,keep
10-dcat-us-3.0/json/Catalog/bad/invalid_language_format.json,keep
10-dcat-us-3.0/json/Catalog/bad/missing_required_dataset.json,move
10-dcat-us-3.0/json/Catalog/good/complete_example.json,keep
10-dcat-us-3.0/json/Catalog/good/minimal_example.json,keep
10-dcat-us-3.0/json/Catalog/good/typical_example.json,keep
10-dcat-us-3.0/json/CatalogRecord/bad/invalid_modified_format.json,move
10-dcat-us-3.0/json/CatalogRecord/bad/missing_required_modified.json,move
10-dcat-us-3.0/json/CatalogRecord/bad/missing_required_primaryTopic.json,move
10-dcat-us-3.0/json/CatalogRecord/good/complete_example.json,move
10-dcat-us-3.0/json/CatalogRecord/good/minimal_example.json,move
10-dcat-us-3.0/json/CatalogRecord/good/typical_example.json,move
10-dcat-us-3.0/json/Checksum/bad/invalid_algorithm_type.json,move
10-dcat-us-3.0/json/Checksum/bad/missing_algorithm.json,move
10-dcat-us-3.0/json/Checksum/bad/missing_checksumValue.json,move
10-dcat-us-3.0/json/Checksum/good/complete_example.json,move
10-dcat-us-3.0/json/Checksum/good/minimal_example.json,move
10-dcat-us-3.0/json/Checksum/good/null_example.json,move
10-dcat-us-3.0/json/Checksum/good/typical_example.json,move
10-dcat-us-3.0/json/Concept/bad/empty_object.json,move
10-dcat-us-3.0/json/Concept/bad/invalid_altLabel_type.json,move
10-dcat-us-3.0/json/Concept/bad/invalid_definition_type.json,move
10-dcat-us-3.0/json/Concept/bad/invalid_inScheme_type.json,move
10-dcat-us-3.0/json/Concept/bad/invalid_notation_items_type.json,move
10-dcat-us-3.0/json/Concept/bad/invalid_notation_type_string.json,move
10-dcat-us-3.0/json/Concept/bad/invalid_prefLabel_type_array.json,move
10-dcat-us-3.0/json/Concept/bad/invalid_prefLabel_type_number.json,move
10-dcat-us-3.0/json/Concept/bad/missing_required_prefLabel.json,move
10-dcat-us-3.0/json/Concept/good/complete_example.json,move
10-dcat-us-3.0/json/Concept/good/minimal_object.json,move
10-dcat-us-3.0/json/Concept/good/null_example.json,move
10-dcat-us-3.0/json/Concept/good/typical_example.json,move
10-dcat-us-3.0/json/ConceptScheme/bad/invalid_date_format.json,move
10-dcat-us-3.0/json/ConceptScheme/bad/invalid_title_type.json,move
10-dcat-us-3.0/json/ConceptScheme/bad/missing_title.json,move
10-dcat-us-3.0/json/ConceptScheme/good/complete_example.json,move
10-dcat-us-3.0/json/ConceptScheme/good/minimal_example.json,move
10-dcat-us-3.0/json/ConceptScheme/good/null_example.json,move
10-dcat-us-3.0/json/ConceptScheme/good/typical_example.json,move
10-dcat-us-3.0/json/DataService/bad/missing_required_contactPoint.json,keep
10-dcat-us-3.0/json/DataService/bad/missing_required_endpointURL.json,keep
10-dcat-us-3.0/json/DataService/bad/missing_required_publisher.json,keep
10-dcat-us-3.0/json/DataService/bad/missing_required_title.json,keep
10-dcat-us-3.0/json/DataService/good/complete_example.json,keep
10-dcat-us-3.0/json/DataService/good/minimal_example.json,move
10-dcat-us-3.0/json/DataService/good/null_example.json,move
10-dcat-us-3.0/json/DataService/good/typical_example.json,keep
10-dcat-us-3.0/json/Dataset/bad/bad-accrual-periodicity.json,keep
10-dcat-us-3.0/json/Dataset/good/complete_example.json,keep
10-dcat-us-3.0/json/Dataset/good/comprehensive-dataset.json,keep
10-dcat-us-3.0/json/Dataset/good/good-accrual-periodicity.json,keep
10-dcat-us-3.0/json/Dataset/good/minimal_example.json,move
10-dcat-us-3.0/json/Dataset/good/null_example.json,move
10-dcat-us-3.0/json/Dataset/good/theme_full_example.json,keep
10-dcat-us-3.0/json/Dataset/good/theme_simple_example.json,keep
10-dcat-us-3.0/json/Dataset/good/typical_example.json,keep
10-dcat-us-3.0/json/DatasetSeries/bad/bad-accrual-periodicity.json,keep
10-dcat-us-3.0/json/DatasetSeries/good/complete_example.json,keep
10-dcat-us-3.0/json/DatasetSeries/good/good-accrual-periodicity.json,keep
10-dcat-us-3.0/json/DatasetSeries/good/minimal_example.json,move
10-dcat-us-3.0/json/DatasetSeries/good/null_example.json,move
10-dcat-us-3.0/json/DatasetSeries/good/typical_example.json,keep
10-dcat-us-3.0/json/Distribution/bad/invalid_byteSize_type.json,move
10-dcat-us-3.0/json/Distribution/bad/invalid_url_format.json,move
10-dcat-us-3.0/json/Distribution/good/complete_example.json,keep
10-dcat-us-3.0/json/Distribution/good/minimal_example.json,move
10-dcat-us-3.0/json/Distribution/good/null_example.json,move
10-dcat-us-3.0/json/Distribution/good/typical_example.json,move
10-dcat-us-3.0/json/Document/bad/invalid_title_type.json,move
10-dcat-us-3.0/json/Document/bad/missing_required_title.json,move
10-dcat-us-3.0/json/Document/good/complete_example.json,move
10-dcat-us-3.0/json/Document/good/minimal_example.json,move
10-dcat-us-3.0/json/Document/good/null_example.json,move
10-dcat-us-3.0/json/Document/good/typical_example.json,move
10-dcat-us-3.0/json/Identifier/bad/invalid_issued_format.json,move
10-dcat-us-3.0/json/Identifier/bad/invalid_notation_type.json,move
10-dcat-us-3.0/json/Identifier/good/complete_example.json,move
10-dcat-us-3.0/json/Identifier/good/minimal_object_example.json,move
10-dcat-us-3.0/json/Identifier/good/minimal_string_example.json,move
10-dcat-us-3.0/json/Identifier/good/null_example.json,move
10-dcat-us-3.0/json/Identifier/good/typical_example.json,move
10-dcat-us-3.0/json/Kind/bad/invalid_hasEmail_format.json,move
10-dcat-us-3.0/json/Kind/bad/missing_required_fn.json,move
10-dcat-us-3.0/json/Kind/bad/missing_required_hasEmail.json,move
10-dcat-us-3.0/json/Kind/good/complete_example.json,move
10-dcat-us-3.0/json/Kind/good/minimal_example.json,move
10-dcat-us-3.0/json/Kind/good/null_example.json,move
10-dcat-us-3.0/json/Kind/good/typical_example.json,move
10-dcat-us-3.0/json/Location/bad/invalid_bbox_type.json,move
10-dcat-us-3.0/json/Location/bad/invalid_centroid_coordinates.json,move
10-dcat-us-3.0/json/Location/bad/invalid_centroid_type.json,move
10-dcat-us-3.0/json/Location/bad/invalid_geojson_bbox_missing_type.json,move
10-dcat-us-3.0/json/Location/bad/invalid_geojson_bbox_wrong_type.json,move
10-dcat-us-3.0/json/Location/bad/invalid_prefLabel_type.json,move
10-dcat-us-3.0/json/Location/good/bbox_geojson.json,move
10-dcat-us-3.0/json/Location/good/bbox_wkt.json,move
10-dcat-us-3.0/json/Location/good/centroid_geojson.json,move
10-dcat-us-3.0/json/Location/good/complete_example.json,move
10-dcat-us-3.0/json/Location/good/geometry_geojson.json,move
10-dcat-us-3.0/json/Location/good/identifier_iri_reference.json,move
10-dcat-us-3.0/json/Location/good/minimal_example.json,move
10-dcat-us-3.0/json/Location/good/null_example.json,move
10-dcat-us-3.0/json/Location/good/typical_example.json,move
10-dcat-us-3.0/json/Metric/bad/invalid_expectedDataType_type.json,move
10-dcat-us-3.0/json/Metric/bad/missing_expectedDataType.json,move
10-dcat-us-3.0/json/Metric/bad/missing_inDimension.json,move
10-dcat-us-3.0/json/Metric/good/complete_example.json,move
10-dcat-us-3.0/json/Metric/good/minimal_example.json,move
10-dcat-us-3.0/json/Metric/good/null_example.json,move
10-dcat-us-3.0/json/Metric/good/typical_example.json,move
10-dcat-us-3.0/json/Organization/bad/invalid_name_type.json,move
10-dcat-us-3.0/json/Organization/bad/missing_name.json,move
10-dcat-us-3.0/json/Organization/good/complete_example.json,move
10-dcat-us-3.0/json/Organization/good/minimal_example.json,move
10-dcat-us-3.0/json/Organization/good/null_example.json,move
10-dcat-us-3.0/json/Organization/good/typical_example.json,move
10-dcat-us-3.0/json/PeriodOfTime/bad/invalid_date_format.json,move
10-dcat-us-3.0/json/PeriodOfTime/bad/invalid_date_type.json,move
10-dcat-us-3.0/json/PeriodOfTime/bad/missing_date.json,move
10-dcat-us-3.0/json/PeriodOfTime/good/complete_example.json,move
10-dcat-us-3.0/json/PeriodOfTime/good/minimal_example_end_date_only.json,move
10-dcat-us-3.0/json/PeriodOfTime/good/minimal_example_start_date_only.json,move
10-dcat-us-3.0/json/PeriodOfTime/good/null_example.json,move
10-dcat-us-3.0/json/PeriodOfTime/good/typical_example.json,move
10-dcat-us-3.0/json/PeriodOfTime/good/year_month_example.json,move
10-dcat-us-3.0/json/PeriodOfTime/good/year_only_example.json,move
10-dcat-us-3.0/json/QualityMeasurement/bad/invalid_value_type.json,move
10-dcat-us-3.0/json/QualityMeasurement/bad/missing_required_isMeasurementOf.json,move
10-dcat-us-3.0/json/QualityMeasurement/bad/missing_required_value.json,move
10-dcat-us-3.0/json/QualityMeasurement/good/complete_example.json,move
10-dcat-us-3.0/json/QualityMeasurement/good/minimal_example.json,move
10-dcat-us-3.0/json/QualityMeasurement/good/null_example.json,move
10-dcat-us-3.0/json/QualityMeasurement/good/typical_example.json,move
10-dcat-us-3.0/json/Relationship/bad/invalid_hadRole_type.json,move
10-dcat-us-3.0/json/Relationship/bad/missing_hadRole.json,move
10-dcat-us-3.0/json/Relationship/bad/missing_relation.json,move
10-dcat-us-3.0/json/Relationship/good/complete_example.json,move
10-dcat-us-3.0/json/Relationship/good/minimal_example.json,move
10-dcat-us-3.0/json/Relationship/good/null_example.json,move
10-dcat-us-3.0/json/Relationship/good/typical_example.json,move
10-dcat-us-3.0/json/Standard/bad/invalid_issued_format.json,move
10-dcat-us-3.0/json/Standard/bad/invalid_title_type.json,move
10-dcat-us-3.0/json/Standard/good/complete_example.json,move
10-dcat-us-3.0/json/Standard/good/minimal_example.json,move
10-dcat-us-3.0/json/Standard/good/null_example.json,move
10-dcat-us-3.0/json/Standard/good/typical_example.json,move
10-dcat-us-3.0/json/UseRestriction/bad/invalid_restrictionStatus_type.json,move
10-dcat-us-3.0/json/UseRestriction/bad/missing_required_restrictionStatus.json,move
10-dcat-us-3.0/json/UseRestriction/good/complete_example.json,move
10-dcat-us-3.0/json/UseRestriction/good/minimal_example.json,move
10-dcat-us-3.0/json/UseRestriction/good/null_example.json,move
10-dcat-us-3.0/json/UseRestriction/good/typical_example.json,move
10-dcat-us-3.0/rdf/activity.jsonld,keep
10-dcat-us-3.0/rdf/activity.ttl,keep
10-dcat-us-3.0/rdf/address-contact.jsonld,move
10-dcat-us-3.0/rdf/address-contact.ttl,move
10-dcat-us-3.0/rdf/agent/agent.jsonld,move
10-dcat-us-3.0/rdf/agent/agent.ttl,move
10-dcat-us-3.0/rdf/agent/eodataservice.jsonld,move
10-dcat-us-3.0/rdf/agent/eodataservice.ttl,move
10-dcat-us-3.0/rdf/antimeridian-bbox.jsonld,keep
10-dcat-us-3.0/rdf/antimeridian-bbox.ttl,keep
10-dcat-us-3.0/rdf/attribution.jsonld,move
10-dcat-us-3.0/rdf/attribution.ttl,move
10-dcat-us-3.0/rdf/catalog.jsonld,keep
10-dcat-us-3.0/rdf/catalog.ttl,keep
10-dcat-us-3.0/rdf/catalog/catalog.jsonld,keep
10-dcat-us-3.0/rdf/catalog/catalog.ttl,keep
10-dcat-us-3.0/rdf/catalog/conforms-to.jsonld,move
10-dcat-us-3.0/rdf/catalog/conforms-to.ttl,move
10-dcat-us-3.0/rdf/catalog/dataset.jsonld,keep
10-dcat-us-3.0/rdf/catalog/dataset.ttl,move
10-dcat-us-3.0/rdf/catalog/description.jsonld,move
10-dcat-us-3.0/rdf/catalog/description.ttl,move
10-dcat-us-3.0/rdf/catalog/homepage.jsonld,move
10-dcat-us-3.0/rdf/catalog/homepage.ttl,move
10-dcat-us-3.0/rdf/catalog/issued.jsonld,move
10-dcat-us-3.0/rdf/catalog/issued.ttl,move
10-dcat-us-3.0/rdf/catalog/language.jsonld,move
10-dcat-us-3.0/rdf/catalog/language.ttl,move
10-dcat-us-3.0/rdf/catalog/license.jsonld,move
10-dcat-us-3.0/rdf/catalog/license.ttl,move
10-dcat-us-3.0/rdf/catalog/modified.jsonld,move
10-dcat-us-3.0/rdf/catalog/modified.ttl,move
10-dcat-us-3.0/rdf/catalog/publisher.jsonld,move
10-dcat-us-3.0/rdf/catalog/publisher.ttl,move
10-dcat-us-3.0/rdf/catalog/rights.jsonld,move
10-dcat-us-3.0/rdf/catalog/rights.ttl,move
10-dcat-us-3.0/rdf/catalog/rights.ttl.bad,move
10-dcat-us-3.0/rdf/catalog/service.jsonld,keep
10-dcat-us-3.0/rdf/catalog/service.ttl,keep
10-dcat-us-3.0/rdf/catalog/spatial.jsonld,move
10-dcat-us-3.0/rdf/catalog/spatial.ttl,move
10-dcat-us-3.0/rdf/catalog/theme-taxonomy.jsonld,move
10-dcat-us-3.0/rdf/catalog/theme-taxonomy.ttl,move
10-dcat-us-3.0/rdf/catalog/title.jsonld,move
10-dcat-us-3.0/rdf/catalog/title.ttl,move
10-dcat-us-3.0/rdf/catalog_record.jsonld,move
10-dcat-us-3.0/rdf/catalog_record.ttl,move
10-dcat-us-3.0/rdf/character-encoding.jsonld,keep
10-dcat-us-3.0/rdf/character-encoding.ttl,keep
10-dcat-us-3.0/rdf/checksum.jsonld,move
10-dcat-us-3.0/rdf/checksum.ttl,move
10-dcat-us-3.0/rdf/concept-scheme-agrovoc.jsonld,move
10-dcat-us-3.0/rdf/concept-scheme-agrovoc.ttl,move
10-dcat-us-3.0/rdf/concept-scheme.jsonld,move
10-dcat-us-3.0/rdf/concept-scheme.ttl,move
10-dcat-us-3.0/rdf/concept.jsonld,move
10-dcat-us-3.0/rdf/concept.ttl,move
10-dcat-us-3.0/rdf/contact-point.jsonld,move
10-dcat-us-3.0/rdf/contact-point.ttl,move
10-dcat-us-3.0/rdf/crs.jsonld,keep
10-dcat-us-3.0/rdf/crs.ttl,keep
10-dcat-us-3.0/rdf/dataset-series.jsonld,keep
10-dcat-us-3.0/rdf/dataset-series.ttl,keep
10-dcat-us-3.0/rdf/dataset/attributions.jsonld,keep
10-dcat-us-3.0/rdf/dataset/attributions.ttl,keep
10-dcat-us-3.0/rdf/dataset/conforms-to.jsonld,keep
10-dcat-us-3.0/rdf/dataset/conforms-to.ttl,keep
10-dcat-us-3.0/rdf/dataset/contact-point.jsonld,keep
10-dcat-us-3.0/rdf/dataset/contact-point.ttl,keep
10-dcat-us-3.0/rdf/dataset/contributor.jsonld,keep
10-dcat-us-3.0/rdf/dataset/contributor.ttl,keep
10-dcat-us-3.0/rdf/dataset/creator.jsonld,keep
10-dcat-us-3.0/rdf/dataset/creator.ttl,keep
10-dcat-us-3.0/rdf/dataset/dataset.jsonld,keep
10-dcat-us-3.0/rdf/dataset/dataset.ttl,keep
10-dcat-us-3.0/rdf/dataset/description.jsonld,keep
10-dcat-us-3.0/rdf/dataset/description.ttl,keep
10-dcat-us-3.0/rdf/dataset/distribution.jsonld,keep
10-dcat-us-3.0/rdf/dataset/distribution.ttl,keep
10-dcat-us-3.0/rdf/dataset/documentation.jsonld,keep
10-dcat-us-3.0/rdf/dataset/documentation.ttl,keep
10-dcat-us-3.0/rdf/dataset/frequency.jsonld,keep
10-dcat-us-3.0/rdf/dataset/frequency.ttl,keep
10-dcat-us-3.0/rdf/dataset/geographicbbox.jsonld,keep
10-dcat-us-3.0/rdf/dataset/geographicbbox.ttl,keep
10-dcat-us-3.0/rdf/dataset/identifier.jsonld,keep
10-dcat-us-3.0/rdf/dataset/identifier.ttl,keep
10-dcat-us-3.0/rdf/dataset/image.jsonld,keep
10-dcat-us-3.0/rdf/dataset/image.ttl,keep
10-dcat-us-3.0/rdf/dataset/in_series.jsonld,keep
10-dcat-us-3.0/rdf/dataset/in_series.ttl,keep
10-dcat-us-3.0/rdf/dataset/is-referenced-by.jsonld,keep
10-dcat-us-3.0/rdf/dataset/is-referenced-by.ttl,keep
10-dcat-us-3.0/rdf/dataset/issued.jsonld,keep
10-dcat-us-3.0/rdf/dataset/issued.ttl,keep
10-dcat-us-3.0/rdf/dataset/keyword.jsonld,keep
10-dcat-us-3.0/rdf/dataset/keyword.ttl,keep
10-dcat-us-3.0/rdf/dataset/landing-page.jsonld,keep
10-dcat-us-3.0/rdf/dataset/landing-page.ttl,keep
10-dcat-us-3.0/rdf/dataset/language.jsonld,keep
10-dcat-us-3.0/rdf/dataset/language.ttl,keep
10-dcat-us-3.0/rdf/dataset/metadata-distribution.jsonld,keep
10-dcat-us-3.0/rdf/dataset/metadata-distribution.ttl,keep
10-dcat-us-3.0/rdf/dataset/modified.jsonld,keep
10-dcat-us-3.0/rdf/dataset/modified.ttl,keep
10-dcat-us-3.0/rdf/dataset/other-identifier.jsonld,keep
10-dcat-us-3.0/rdf/dataset/other-identifier.ttl,keep
10-dcat-us-3.0/rdf/dataset/provenance.jsonld,keep
10-dcat-us-3.0/rdf/dataset/provenance.ttl,keep
10-dcat-us-3.0/rdf/dataset/publisher.jsonld,keep
10-dcat-us-3.0/rdf/dataset/publisher.ttl,keep
10-dcat-us-3.0/rdf/dataset/qualified-attribution.jsonld,keep
10-dcat-us-3.0/rdf/dataset/qualified-attribution.ttl,keep
10-dcat-us-3.0/rdf/dataset/qualified-relation.jsonld,keep
10-dcat-us-3.0/rdf/dataset/qualified-relation.ttl,keep
10-dcat-us-3.0/rdf/dataset/sample.jsonld,keep
10-dcat-us-3.0/rdf/dataset/sample.ttl,keep
10-dcat-us-3.0/rdf/dataset/spatial -framed.jsonld,move
10-dcat-us-3.0/rdf/dataset/spatial-resolution.jsonld,keep
10-dcat-us-3.0/rdf/dataset/spatial-resolution.ttl,keep
10-dcat-us-3.0/rdf/dataset/spatial.jsonld,keep
10-dcat-us-3.0/rdf/dataset/spatial.ttl,keep
10-dcat-us-3.0/rdf/dataset/supported-schema.jsonld,keep
10-dcat-us-3.0/rdf/dataset/supported-schema.ttl,keep
10-dcat-us-3.0/rdf/dataset/temporal-resolution.jsonld,keep
10-dcat-us-3.0/rdf/dataset/temporal-resolution.ttl,keep
10-dcat-us-3.0/rdf/dataset/temporal.jsonld,keep
10-dcat-us-3.0/rdf/dataset/temporal.ttl,keep
10-dcat-us-3.0/rdf/dataset/theme.jsonld,keep
10-dcat-us-3.0/rdf/dataset/theme.ttl,keep
10-dcat-us-3.0/rdf/dataset/title.jsonld,keep
10-dcat-us-3.0/rdf/dataset/title.ttl,keep
10-dcat-us-3.0/rdf/dataset/usage-note.jsonld,keep
10-dcat-us-3.0/rdf/dataset/usage-note.ttl,keep
10-dcat-us-3.0/rdf/dataset/was-generated-by.jsonld,keep
10-dcat-us-3.0/rdf/dataset/was-generated-by.ttl,keep
10-dcat-us-3.0/rdf/distribution/access-service.jsonld,move
10-dcat-us-3.0/rdf/distribution/access-service.ttl,keep
10-dcat-us-3.0/rdf/distribution/access-url.jsonld,move
10-dcat-us-3.0/rdf/distribution/access-url.ttl,move
10-dcat-us-3.0/rdf/distribution/availability.jsonld,move
10-dcat-us-3.0/rdf/distribution/availability.ttl,move
10-dcat-us-3.0/rdf/distribution/byte-size.jsonld,move
10-dcat-us-3.0/rdf/distribution/byte-size.ttl,move
10-dcat-us-3.0/rdf/distribution/checksum.jsonld,move
10-dcat-us-3.0/rdf/distribution/checksum.ttl,move
10-dcat-us-3.0/rdf/distribution/conforms-to.jsonld,move
10-dcat-us-3.0/rdf/distribution/conforms-to.ttl,move
10-dcat-us-3.0/rdf/distribution/description.jsonld,move
10-dcat-us-3.0/rdf/distribution/description.ttl,move
10-dcat-us-3.0/rdf/distribution/distribution.jsonld,move
10-dcat-us-3.0/rdf/distribution/distribution.ttl,move
10-dcat-us-3.0/rdf/distribution/documentation.jsonld,move
10-dcat-us-3.0/rdf/distribution/documentation.ttl,move
10-dcat-us-3.0/rdf/distribution/download-url.jsonld,move
10-dcat-us-3.0/rdf/distribution/download-url.ttl,move
10-dcat-us-3.0/rdf/distribution/format.jsonld,move
10-dcat-us-3.0/rdf/distribution/format.ttl,move
10-dcat-us-3.0/rdf/distribution/identifier.jsonld,move
10-dcat-us-3.0/rdf/distribution/identifier.ttl,move
10-dcat-us-3.0/rdf/distribution/image.jsonld,move
10-dcat-us-3.0/rdf/distribution/image.ttl,move
10-dcat-us-3.0/rdf/distribution/issued.jsonld,move
10-dcat-us-3.0/rdf/distribution/issued.ttl,move
10-dcat-us-3.0/rdf/distribution/language.jsonld,move
10-dcat-us-3.0/rdf/distribution/language.ttl,move
10-dcat-us-3.0/rdf/distribution/media-type.jsonld,move
10-dcat-us-3.0/rdf/distribution/media-type.ttl,move
10-dcat-us-3.0/rdf/distribution/media-type1.jsonld,move
10-dcat-us-3.0/rdf/distribution/media-type2.jsonld,move
10-dcat-us-3.0/rdf/distribution/media-type3.jsonld,move
10-dcat-us-3.0/rdf/distribution/modified.jsonld,move
10-dcat-us-3.0/rdf/distribution/modified.ttl,move
10-dcat-us-3.0/rdf/distribution/packaging-format.jsonld,move
10-dcat-us-3.0/rdf/distribution/packaging-format.ttl,move
10-dcat-us-3.0/rdf/distribution/rights.jsonld,move
10-dcat-us-3.0/rdf/distribution/rights.ttl,move
10-dcat-us-3.0/rdf/distribution/temporal-resolution.jsonld,move
10-dcat-us-3.0/rdf/distribution/temporal-resolution.ttl,move
10-dcat-us-3.0/rdf/distribution/title.jsonld,move
10-dcat-us-3.0/rdf/distribution/title.ttl,move
10-dcat-us-3.0/rdf/document.jsonld,move
10-dcat-us-3.0/rdf/document.ttl,move
10-dcat-us-3.0/rdf/example1-dcat-us-3.0.json,keep
10-dcat-us-3.0/rdf/example1-dcat-us-3.0.ttl,keep
10-dcat-us-3.0/rdf/identifier.jsonld,move
10-dcat-us-3.0/rdf/identifier.ttl,move
10-dcat-us-3.0/rdf/liability-statement.ttl,keep
10-dcat-us-3.0/rdf/liability-statement1.jsonld,keep
10-dcat-us-3.0/rdf/license-document.jsonld,keep
10-dcat-us-3.0/rdf/license-document.ttl,keep
10-dcat-us-3.0/rdf/location.jsonld,move
10-dcat-us-3.0/rdf/location.ttl,move
10-dcat-us-3.0/rdf/media-type.jsonld,move
10-dcat-us-3.0/rdf/media-type.ttl,move
10-dcat-us-3.0/rdf/metric.jsonld,move
10-dcat-us-3.0/rdf/metric.ttl,move
10-dcat-us-3.0/rdf/multiple-languages/landing-page.jsonld,keep
10-dcat-us-3.0/rdf/multiple-languages/landing-page.ttl,keep
10-dcat-us-3.0/rdf/multiple-languages/title.jsonld,keep
10-dcat-us-3.0/rdf/multiple-languages/title.ttl,keep
10-dcat-us-3.0/rdf/nps-organization.jsonld,keep
10-dcat-us-3.0/rdf/nps-organization.ttl,keep
10-dcat-us-3.0/rdf/organization.jsonld,move
10-dcat-us-3.0/rdf/organization.ttl,move
10-dcat-us-3.0/rdf/person.jsonld,move
10-dcat-us-3.0/rdf/person.ttl,move
10-dcat-us-3.0/rdf/program.jsonld,move
10-dcat-us-3.0/rdf/program.ttl,move
10-dcat-us-3.0/rdf/provenance-statement.jsonld,move
10-dcat-us-3.0/rdf/provenance-statement.ttl,move
10-dcat-us-3.0/rdf/quality-measurement.jsonld,move
10-dcat-us-3.0/rdf/quality-measurement.ttl,move
10-dcat-us-3.0/rdf/relationship.jsonld,move
10-dcat-us-3.0/rdf/relationship.ttl,move
10-dcat-us-3.0/rdf/restriction/access-restriction.jsonld,move
10-dcat-us-3.0/rdf/restriction/access-restriction.ttl,move
10-dcat-us-3.0/rdf/restriction/cuiRestriction.jsonld,move
10-dcat-us-3.0/rdf/restriction/cuiRestriction.ttl,move
10-dcat-us-3.0/rdf/restriction/use-restriction.jsonld,move
10-dcat-us-3.0/rdf/restriction/use-restriction.ttl,move
10-dcat-us-3.0/rdf/rights-statement.jsonld,move
10-dcat-us-3.0/rdf/rights-statement.ttl,move
10-dcat-us-3.0/rdf/service/access-rights.jsonld,keep
10-dcat-us-3.0/rdf/service/access-rights.ttl,keep
10-dcat-us-3.0/rdf/service/contact-point.jsonld,keep
10-dcat-us-3.0/rdf/service/contact-point.ttl,keep
10-dcat-us-3.0/rdf/service/documentation.jsonld,keep
10-dcat-us-3.0/rdf/service/documentation.ttl,keep
10-dcat-us-3.0/rdf/service/endpoint-description.jsonld,keep
10-dcat-us-3.0/rdf/service/endpoint-description.ttl,keep
10-dcat-us-3.0/rdf/service/endpoint-url.jsonld,keep
10-dcat-us-3.0/rdf/service/endpoint-url.ttl,keep
10-dcat-us-3.0/rdf/service/keyword.jsonld,keep
10-dcat-us-3.0/rdf/service/keyword.ttl,keep
10-dcat-us-3.0/rdf/service/landing-page.jsonld,keep
10-dcat-us-3.0/rdf/service/landing-page.ttl,keep
10-dcat-us-3.0/rdf/service/license.jsonld,keep
10-dcat-us-3.0/rdf/service/license.ttl,keep
10-dcat-us-3.0/rdf/service/publisher.jsonld,keep
10-dcat-us-3.0/rdf/service/publisher.ttl,keep
10-dcat-us-3.0/rdf/service/serves-dataset.jsonld,keep
10-dcat-us-3.0/rdf/service/serves-dataset.ttl,keep
10-dcat-us-3.0/rdf/service/service.jsonld,keep
10-dcat-us-3.0/rdf/service/service.ttl,keep
10-dcat-us-3.0/rdf/service/title.jsonld,keep
10-dcat-us-3.0/rdf/service/title.ttl,keep
10-dcat-us-3.0/rdf/standard-crs.jsonld,move
10-dcat-us-3.0/rdf/standard-crs.ttl,move
10-dcat-us-3.0/rdf/standard.jsonld,move
10-dcat-us-3.0/rdf/standard.ttl,move
11-dcat-us-1.1-pod/real-world/README.md,move
11-dcat-us-1.1-pod/real-world/arm.data.json,keep
11-dcat-us-1.1-pod/real-world/collection-1-parent-2-children.data.json,keep
11-dcat-us-1.1-pod/real-world/collection-2-parent-4-children.data.json,keep
11-dcat-us-1.1-pod/real-world/geospatial.data.json,keep
11-dcat-us-1.1-pod/real-world/large-spatial.data.json,keep
11-dcat-us-1.1-pod/real-world/many-resources.data.json,keep
11-dcat-us-1.1-pod/real-world/missing-catalog.data.json,keep
11-dcat-us-1.1-pod/real-world/missing-dataset-fields.data.json,keep
11-dcat-us-1.1-pod/real-world/missing-identifier-title.data.json,keep
11-dcat-us-1.1-pod/real-world/null-spatial.data.json,keep
11-dcat-us-1.1-pod/real-world/numerical-title.data.json,keep
11-dcat-us-1.1-pod/real-world/ny.data.json,keep
11-dcat-us-1.1-pod/real-world/reserved-title.data.json,keep
11-dcat-us-1.1-pod/real-world/usda.gov.data.json,keep
11-dcat-us-1.1-pod/spec-samples/catalog-sample-extended.csv,move
11-dcat-us-1.1-pod/spec-samples/catalog-sample-extended.json,keep
11-dcat-us-1.1-pod/spec-samples/catalog-sample.csv,move
11-dcat-us-1.1-pod/spec-samples/catalog-sample.json,keep
12-ckan-crosswalk/catalog.json,keep
12-ckan-crosswalk/catalog_datasets_list.json,keep
12-ckan-crosswalk/ckan_dataset.json,keep
12-ckan-crosswalk/ckan_dataset_multilingual.json,keep
12-ckan-crosswalk/ckan_dcat_ap_dataset_series.json,keep
12-ckan-crosswalk/ckan_full_dataset_croissant.json,keep
12-ckan-crosswalk/ckan_full_dataset_dcat_ap.json,keep
12-ckan-crosswalk/ckan_full_dataset_dcat_ap_legacy.json,keep
12-ckan-crosswalk/ckan_full_dataset_dcat_ap_vocabularies.json,keep
12-ckan-crosswalk/ckan_full_dataset_dcat_us_vocabularies.json,keep
12-ckan-crosswalk/dataset.json,keep
12-ckan-crosswalk/full_ckan_dataset_legacy.json,keep
12-ckan-crosswalk/health_dcat_ap.json,keep
MANIFEST.csv,move
README.md,move
_schemas/dcat-ap-3.0.1-shacl/deprecateduris.ttl,move
_schemas/dcat-ap-3.0.1-shacl/imports.ttl,move
_schemas/dcat-ap-3.0.1-shacl/mdr-vocabularies.shape.ttl,move
_schemas/dcat-ap-3.0.1-shacl/mdr_imports.ttl,move
_schemas/dcat-ap-3.0.1-shacl/range.ttl,move
_schemas/dcat-ap-3.0.1-shacl/shapes.ttl,move
_schemas/dcat-ap-3.0.1-shacl/shapes_recommended.ttl,move
_schemas/dcat-us-3.0-jsonschema/AccessRestriction.json,move
_schemas/dcat-us-3.0-jsonschema/Activity.json,move
_schemas/dcat-us-3.0-jsonschema/Address.json,move
_schemas/dcat-us-3.0-jsonschema/Agent.json,move
_schemas/dcat-us-3.0-jsonschema/Attribution.json,move
_schemas/dcat-us-3.0-jsonschema/CUIRestriction.json,move
_schemas/dcat-us-3.0-jsonschema/Catalog.json,move
_schemas/dcat-us-3.0-jsonschema/CatalogRecord.json,move
_schemas/dcat-us-3.0-jsonschema/Checksum.json,move
_schemas/dcat-us-3.0-jsonschema/Concept.json,move
_schemas/dcat-us-3.0-jsonschema/ConceptScheme.json,move
_schemas/dcat-us-3.0-jsonschema/DataService.json,move
_schemas/dcat-us-3.0-jsonschema/Dataset.json,move
_schemas/dcat-us-3.0-jsonschema/DatasetSeries.json,move
_schemas/dcat-us-3.0-jsonschema/Distribution.json,move
_schemas/dcat-us-3.0-jsonschema/Document.json,move
_schemas/dcat-us-3.0-jsonschema/Identifier.json,move
_schemas/dcat-us-3.0-jsonschema/Kind.json,move
_schemas/dcat-us-3.0-jsonschema/Location.json,move
_schemas/dcat-us-3.0-jsonschema/Metric.json,move
_schemas/dcat-us-3.0-jsonschema/Organization.json,move
_schemas/dcat-us-3.0-jsonschema/PeriodOfTime.json,move
_schemas/dcat-us-3.0-jsonschema/QualityMeasurement.json,move
_schemas/dcat-us-3.0-jsonschema/Relationship.json,move
_schemas/dcat-us-3.0-jsonschema/Standard.json,move
_schemas/dcat-us-3.0-jsonschema/UseRestriction.json,move
_schemas/dcat-us-3.0-shacl/dcat-us_3.0_shacl_shapes.ttl,move
_schemas/geodcat-ap-3.1.0-shacl/geodcat-ap-SHACL.jsonld,move
_schemas/geodcat-ap-3.1.0-shacl/geodcat-ap-SHACL.ttl,move
_schemas/healthdcat-ap-shacl/HealthDCAT-AP_imports-v0.1.0.ttl,move
_schemas/healthdcat-ap-shacl/HealthDCAT-AP_imports.ttl,move
_schemas/healthdcat-ap-shacl/HealthDCAT-AP_mdr-imports-v0.1.0.ttl,move
_schemas/healthdcat-ap-shacl/HealthDCAT-AP_mdr-imports.ttl,move
_schemas/healthdcat-ap-shacl/HealthDCAT-AP_mdr-vocabularies-shapes-v0.1.0.ttl,move
_schemas/healthdcat-ap-shacl/HealthDCAT-AP_mdr-vocabularies-shapes.ttl,move
_schemas/healthdcat-ap-shacl/HealthDCAT-AP_opendata-shapes-v0.1.1.ttl,move
_schemas/healthdcat-ap-shacl/HealthDCAT-AP_opendata-shapes.ttl,move
_schemas/healthdcat-ap-shacl/HealthDCAT-AP_protected-shapes-v0.1.1.ttl,move
_schemas/healthdcat-ap-shacl/HealthDCAT-AP_protected-shapes.ttl,move
_schemas/healthdcat-ap-shacl/HealthDCAT-AP_ranges-v0.1.1.ttl,move
_schemas/healthdcat-ap-shacl/HealthDCAT-AP_ranges.ttl,move
_schemas/healthdcat-ap-shacl/HealthDCAT-AP_sensitive-shapes-v0.1.1.ttl,move
_schemas/healthdcat-ap-shacl/HealthDCAT-AP_sensitive-shapes.ttl,move
