path,profile,format,bytes,status,triples
01-dcat-ap\3.0.0-hvd\example-bees_wasps_dataset.jsonld,DCAT-AP HVD 3.0.0,jsonld,1511,parsed,10
01-dcat-ap\3.0.0-hvd\example-bees_wasps_dataset.ttl,DCAT-AP HVD 3.0.0,ttl,976,fragment,
01-dcat-ap\3.0.0-hvd\example-data_service_openapi_sla.jsonld,DCAT-AP HVD 3.0.0,jsonld,1181,parsed,10
01-dcat-ap\3.0.0-hvd\example-data_service_openapi_sla.ttl,DCAT-AP HVD 3.0.0,ttl,825,parsed,10
01-dcat-ap\3.0.0-hvd\example-data_service_service_desk.jsonld,DCAT-AP HVD 3.0.0,jsonld,1655,parsed,13
01-dcat-ap\3.0.0-hvd\example-data_service_service_desk.ttl,DCAT-AP HVD 3.0.0,ttl,1033,parsed,13
01-dcat-ap\3.0.0-hvd\example-data_service_terms_sla.jsonld,DCAT-AP HVD 3.0.0,jsonld,3114,parsed,28
01-dcat-ap\3.0.0-hvd\example-data_service_terms_sla.ttl,DCAT-AP HVD 3.0.0,ttl,1776,parsed,27
01-dcat-ap\3.0.0-hvd\example-map_licenses.jsonld,DCAT-AP HVD 3.0.0,jsonld,678,parsed,4
01-dcat-ap\3.0.0-hvd\example-map_licenses.ttl,DCAT-AP HVD 3.0.0,ttl,428,parsed,4
01-dcat-ap\3.0.0-hvd\example-ms_catalogue.jsonld,DCAT-AP HVD 3.0.0,jsonld,5255,parsed,48
01-dcat-ap\3.0.0-hvd\example-ms_catalogue.ttl,DCAT-AP HVD 3.0.0,ttl,3273,parsed,48
01-dcat-ap\3.0.0-hvd\example-ms_catalogue_hvd.jsonld,DCAT-AP HVD 3.0.0,jsonld,5084,parsed,46
01-dcat-ap\3.0.0-hvd\example-ms_catalogue_hvd.ttl,DCAT-AP HVD 3.0.0,ttl,3227,parsed,46
01-dcat-ap\3.0.0-hvd\example-ms_catalogue_simple.jsonld,DCAT-AP HVD 3.0.0,jsonld,640,parsed,5
01-dcat-ap\3.0.0-hvd\example-ms_catalogue_simple.ttl,DCAT-AP HVD 3.0.0,ttl,397,parsed,5
01-dcat-ap\3.0.0-hvd\example-ms_dataset.jsonld,DCAT-AP HVD 3.0.0,jsonld,918,parsed,7
01-dcat-ap\3.0.0-hvd\example-ms_dataset.ttl,DCAT-AP HVD 3.0.0,ttl,657,parsed,7
01-dcat-ap\3.0.0-hvd\example-ms_dataset_2_distributions.jsonld,DCAT-AP HVD 3.0.0,jsonld,2931,parsed,25
01-dcat-ap\3.0.0-hvd\example-ms_dataset_2_distributions.ttl,DCAT-AP HVD 3.0.0,ttl,1837,parsed,25
01-dcat-ap\3.0.0-hvd\example-ms_dataset_2_identifiers.jsonld,DCAT-AP HVD 3.0.0,jsonld,1628,parsed,13
01-dcat-ap\3.0.0-hvd\example-ms_dataset_2_identifiers.ttl,DCAT-AP HVD 3.0.0,ttl,1016,parsed,13
01-dcat-ap\3.0.0-hvd\example-ms_dataset_2_licenses.jsonld,DCAT-AP HVD 3.0.0,jsonld,2552,parsed,23
01-dcat-ap\3.0.0-hvd\example-ms_dataset_2_licenses.ttl,DCAT-AP HVD 3.0.0,ttl,1455,parsed,23
01-dcat-ap\3.0.0-hvd\example-ms_dataset_data_service.jsonld,DCAT-AP HVD 3.0.0,jsonld,2204,parsed,18
01-dcat-ap\3.0.0-hvd\example-ms_dataset_data_service.ttl,DCAT-AP HVD 3.0.0,ttl,1274,parsed,18
01-dcat-ap\3.0.0-hvd\example-ms_dataset_hvd_profile.jsonld,DCAT-AP HVD 3.0.0,jsonld,3280,parsed,28
01-dcat-ap\3.0.0-hvd\example-ms_dataset_hvd_profile.ttl,DCAT-AP HVD 3.0.0,ttl,2084,parsed,28
01-dcat-ap\3.0.0-hvd\example-restrict_licenses.jsonld,DCAT-AP HVD 3.0.0,jsonld,1642,parsed,14
01-dcat-ap\3.0.0-hvd\example-restrict_licenses.ttl,DCAT-AP HVD 3.0.0,ttl,937,parsed,14
01-dcat-ap\3.0.1-core\context.jsonld,DCAT-AP 3.0.1,jsonld,5370,parsed,0
01-dcat-ap\3.0.1-core\example-bee-population-2022-2023.jsonld,DCAT-AP 3.0.1,jsonld,805,parse-error,
01-dcat-ap\3.0.1-core\example-bee-population-2022-2023.ttl,DCAT-AP 3.0.1,ttl,659,parsed,8
01-dcat-ap\3.0.1-core\example-bee-population-dataset-frequency.jsonld,DCAT-AP 3.0.1,jsonld,219,parse-error,
01-dcat-ap\3.0.1-core\example-bee-population-dataset-frequency.ttl,DCAT-AP 3.0.1,ttl,382,parsed,2
01-dcat-ap\3.0.1-core\example-bee-population-dataset-series-api.jsonld,DCAT-AP 3.0.1,jsonld,994,parse-error,
01-dcat-ap\3.0.1-core\example-bee-population-dataset-series-api.ttl,DCAT-AP 3.0.1,ttl,981,fragment,
01-dcat-ap\3.0.1-core\example-bee-population-dataset-series-combined.jsonld,DCAT-AP 3.0.1,jsonld,2949,parse-error,
01-dcat-ap\3.0.1-core\example-bee-population-dataset-series-combined.ttl,DCAT-AP 3.0.1,ttl,2418,fragment,
01-dcat-ap\3.0.1-core\example-bee-population-dataset-series-frequency.jsonld,DCAT-AP 3.0.1,jsonld,836,parse-error,
01-dcat-ap\3.0.1-core\example-bee-population-dataset-series-frequency.ttl,DCAT-AP 3.0.1,ttl,841,parsed,11
01-dcat-ap\3.0.1-core\example-bee-population-dataset-series-gea-nha.jsonld,DCAT-AP 3.0.1,jsonld,1656,parse-error,
01-dcat-ap\3.0.1-core\example-bee-population-dataset-series-gea-nha.ttl,DCAT-AP 3.0.1,ttl,1377,parsed,23
01-dcat-ap\3.0.1-core\example-bee-population-dataset-series-issued.jsonld,DCAT-AP 3.0.1,jsonld,1384,parse-error,
01-dcat-ap\3.0.1-core\example-bee-population-dataset-series-issued.ttl,DCAT-AP 3.0.1,ttl,1192,parsed,19
01-dcat-ap\3.0.1-core\example-bee-population-dataset-series-life-count.jsonld,DCAT-AP 3.0.1,jsonld,989,parse-error,
01-dcat-ap\3.0.1-core\example-bee-population-dataset-series-life-count.ttl,DCAT-AP 3.0.1,ttl,961,parsed,11
01-dcat-ap\3.0.1-core\example-bee-population-dataset-series-modified.jsonld,DCAT-AP 3.0.1,jsonld,1817,parse-error,
01-dcat-ap\3.0.1-core\example-bee-population-dataset-series-modified.ttl,DCAT-AP 3.0.1,ttl,1532,parsed,27
01-dcat-ap\3.0.1-core\example-bee-population-dataset-series-ordered.jsonld,DCAT-AP 3.0.1,jsonld,709,parse-error,
01-dcat-ap\3.0.1-core\example-bee-population-dataset-series-ordered.ttl,DCAT-AP 3.0.1,ttl,615,parsed,8
01-dcat-ap\3.0.1-core\example-bee-population-dataset-series-spatial-thessaloniki-athens.jsonld,DCAT-AP 3.0.1,jsonld,1229,parse-error,
01-dcat-ap\3.0.1-core\example-bee-population-dataset-series-spatial-thessaloniki-athens.ttl,DCAT-AP 3.0.1,ttl,987,parsed,15
01-dcat-ap\3.0.1-core\example-bee-population-dataset-series-spatial-thessaloniki.jsonld,DCAT-AP 3.0.1,jsonld,716,parse-error,
01-dcat-ap\3.0.1-core\example-bee-population-dataset-series-spatial-thessaloniki.ttl,DCAT-AP 3.0.1,ttl,649,parsed,8
01-dcat-ap\3.0.1-core\example-bee-population-dataset-series.jsonld,DCAT-AP 3.0.1,jsonld,613,parse-error,
01-dcat-ap\3.0.1-core\example-bee-population-dataset-series.ttl,DCAT-AP 3.0.1,ttl,531,parsed,6
01-dcat-ap\3.0.1-core\example-bee-population.jsonld,DCAT-AP 3.0.1,jsonld,420,parse-error,
01-dcat-ap\3.0.1-core\example-bee-population.ttl,DCAT-AP 3.0.1,ttl,415,parsed,4
01-dcat-ap\3.0.1-core\example-bee-populaton-2022-2023.jsonld,DCAT-AP 3.0.1,jsonld,1082,parsed,8
01-dcat-ap\3.0.1-core\example-bee-populaton-2022-2023.ttl,DCAT-AP 3.0.1,ttl,578,parsed,8
01-dcat-ap\real-world\catalog.rdf,DCAT-AP (as emitted by portals),rdf,6626,parsed,79
01-dcat-ap\real-world\catalog_datasets_list.rdf,DCAT-AP (as emitted by portals),rdf,5798,parsed,68
01-dcat-ap\real-world\catalog_pod.jsonld,DCAT-AP (as emitted by portals),jsonld,9893,parsed,61
01-dcat-ap\real-world\catalog_with_at_graph.jsonld,DCAT-AP (as emitted by portals),jsonld,2238,parsed,21
01-dcat-ap\real-world\dataset.rdf,DCAT-AP (as emitted by portals),rdf,9732,parsed,115
01-dcat-ap\real-world\dataset.ttl,DCAT-AP (as emitted by portals),ttl,22610,fragment,
01-dcat-ap\real-world\dataset_afs.ttl,DCAT-AP (as emitted by portals),ttl,1907,parsed,32
01-dcat-ap\real-world\dataset_deri.ttl,DCAT-AP (as emitted by portals),ttl,2131,parsed,17
01-dcat-ap\real-world\dataset_gob_es.ttl,DCAT-AP (as emitted by portals),ttl,5276,parsed,30
01-dcat-ap\real-world\dataset_gov_de.rdf,DCAT-AP (as emitted by portals),rdf,21104,parsed,208
01-dcat-ap\real-world\dataset_multilingual.ttl,DCAT-AP (as emitted by portals),ttl,3094,parsed,68
01-dcat-ap\real-world\dataset_sweden.rdf,DCAT-AP (as emitted by portals),rdf,5055,parsed,59
02-geodcat-ap\2.0.0-examples\README.md,GeoDCAT-AP 2.0.0,md,5967,,
02-geodcat-ap\2.0.0-examples\activity.jsonld,GeoDCAT-AP 2.0.0,jsonld,2255,parsed,0
02-geodcat-ap\2.0.0-examples\activity.rdf,GeoDCAT-AP 2.0.0,rdf,1663,parsed,15
02-geodcat-ap\2.0.0-examples\activity.ttl,GeoDCAT-AP 2.0.0,ttl,1183,parsed,15
02-geodcat-ap\2.0.0-examples\address-agent.jsonld,GeoDCAT-AP 2.0.0,jsonld,749,parsed,0
02-geodcat-ap\2.0.0-examples\address-agent.rdf,GeoDCAT-AP 2.0.0,rdf,510,parsed,6
02-geodcat-ap\2.0.0-examples\address-agent.ttl,GeoDCAT-AP 2.0.0,ttl,442,parsed,6
02-geodcat-ap\2.0.0-examples\address-kind.jsonld,GeoDCAT-AP 2.0.0,jsonld,785,parsed,0
02-geodcat-ap\2.0.0-examples\address-kind.rdf,GeoDCAT-AP 2.0.0,rdf,529,parsed,6
02-geodcat-ap\2.0.0-examples\address-kind.ttl,GeoDCAT-AP 2.0.0,ttl,456,parsed,6
02-geodcat-ap\2.0.0-examples\agent.jsonld,GeoDCAT-AP 2.0.0,jsonld,1323,parsed,0
02-geodcat-ap\2.0.0-examples\agent.rdf,GeoDCAT-AP 2.0.0,rdf,915,parsed,11
02-geodcat-ap\2.0.0-examples\agent.ttl,GeoDCAT-AP 2.0.0,ttl,671,parsed,11
02-geodcat-ap\2.0.0-examples\attribution.jsonld,GeoDCAT-AP 2.0.0,jsonld,1990,parsed,0
02-geodcat-ap\2.0.0-examples\attribution.rdf,GeoDCAT-AP 2.0.0,rdf,1640,parsed,15
02-geodcat-ap\2.0.0-examples\attribution.ttl,GeoDCAT-AP 2.0.0,ttl,1176,parsed,15
02-geodcat-ap\2.0.0-examples\catalogue-record.jsonld,GeoDCAT-AP 2.0.0,jsonld,3123,parsed,0
02-geodcat-ap\2.0.0-examples\catalogue-record.rdf,GeoDCAT-AP 2.0.0,rdf,2533,parsed,24
02-geodcat-ap\2.0.0-examples\catalogue-record.ttl,GeoDCAT-AP 2.0.0,ttl,1692,parsed,24
02-geodcat-ap\2.0.0-examples\category-scheme.jsonld,GeoDCAT-AP 2.0.0,jsonld,561,parsed,0
02-geodcat-ap\2.0.0-examples\category-scheme.rdf,GeoDCAT-AP 2.0.0,rdf,494,parsed,3
02-geodcat-ap\2.0.0-examples\category-scheme.ttl,GeoDCAT-AP 2.0.0,ttl,422,parsed,3
02-geodcat-ap\2.0.0-examples\category.jsonld,GeoDCAT-AP 2.0.0,jsonld,953,parsed,0
02-geodcat-ap\2.0.0-examples\category.rdf,GeoDCAT-AP 2.0.0,rdf,651,parsed,6
02-geodcat-ap\2.0.0-examples\category.ttl,GeoDCAT-AP 2.0.0,ttl,505,parsed,6
02-geodcat-ap\2.0.0-examples\data-service.jsonld,GeoDCAT-AP 2.0.0,jsonld,8545,parsed,0
02-geodcat-ap\2.0.0-examples\data-service.rdf,GeoDCAT-AP 2.0.0,rdf,6555,parsed,63
02-geodcat-ap\2.0.0-examples\data-service.ttl,GeoDCAT-AP 2.0.0,ttl,4587,parsed,63
02-geodcat-ap\2.0.0-examples\dataset.jsonld,GeoDCAT-AP 2.0.0,jsonld,11075,parsed,0
02-geodcat-ap\2.0.0-examples\dataset.rdf,GeoDCAT-AP 2.0.0,rdf,8088,parsed,73
02-geodcat-ap\2.0.0-examples\dataset.ttl,GeoDCAT-AP 2.0.0,ttl,5911,parsed,73
02-geodcat-ap\2.0.0-examples\distribution.jsonld,GeoDCAT-AP 2.0.0,jsonld,2608,parsed,0
02-geodcat-ap\2.0.0-examples\distribution.rdf,GeoDCAT-AP 2.0.0,rdf,2037,parsed,14
02-geodcat-ap\2.0.0-examples\distribution.ttl,GeoDCAT-AP 2.0.0,ttl,1698,parsed,14
02-geodcat-ap\2.0.0-examples\document.jsonld,GeoDCAT-AP 2.0.0,jsonld,421,parsed,0
02-geodcat-ap\2.0.0-examples\document.rdf,GeoDCAT-AP 2.0.0,rdf,464,parsed,2
02-geodcat-ap\2.0.0-examples\document.ttl,GeoDCAT-AP 2.0.0,ttl,435,parsed,2
02-geodcat-ap\2.0.0-examples\kind.jsonld,GeoDCAT-AP 2.0.0,jsonld,1401,parsed,0
02-geodcat-ap\2.0.0-examples\kind.rdf,GeoDCAT-AP 2.0.0,rdf,909,parsed,11
02-geodcat-ap\2.0.0-examples\kind.ttl,GeoDCAT-AP 2.0.0,ttl,657,parsed,11
02-geodcat-ap\2.0.0-examples\licence-document.jsonld,GeoDCAT-AP 2.0.0,jsonld,446,parsed,0
02-geodcat-ap\2.0.0-examples\licence-document.rdf,GeoDCAT-AP 2.0.0,rdf,436,parsed,2
02-geodcat-ap\2.0.0-examples\licence-document.ttl,GeoDCAT-AP 2.0.0,ttl,361,parsed,2
02-geodcat-ap\2.0.0-examples\location-geom.jsonld,GeoDCAT-AP 2.0.0,jsonld,824,parsed,0
02-geodcat-ap\2.0.0-examples\location-geom.rdf,GeoDCAT-AP 2.0.0,rdf,889,parsed,3
02-geodcat-ap\2.0.0-examples\location-geom.ttl,GeoDCAT-AP 2.0.0,ttl,747,parsed,3
02-geodcat-ap\2.0.0-examples\location-gn.jsonld,GeoDCAT-AP 2.0.0,jsonld,1174,parsed,0
02-geodcat-ap\2.0.0-examples\location-gn.rdf,GeoDCAT-AP 2.0.0,rdf,852,parsed,8
02-geodcat-ap\2.0.0-examples\location-gn.ttl,GeoDCAT-AP 2.0.0,ttl,633,parsed,8
02-geodcat-ap\2.0.0-examples\media-type.jsonld,GeoDCAT-AP 2.0.0,jsonld,619,parsed,0
02-geodcat-ap\2.0.0-examples\media-type.rdf,GeoDCAT-AP 2.0.0,rdf,516,parsed,4
02-geodcat-ap\2.0.0-examples\media-type.ttl,GeoDCAT-AP 2.0.0,ttl,404,parsed,4
02-geodcat-ap\2.0.0-examples\metric.jsonld,GeoDCAT-AP 2.0.0,jsonld,2347,parsed,0
02-geodcat-ap\2.0.0-examples\metric.rdf,GeoDCAT-AP 2.0.0,rdf,2076,parsed,16
02-geodcat-ap\2.0.0-examples\metric.ttl,GeoDCAT-AP 2.0.0,ttl,1118,parsed,16
02-geodcat-ap\2.0.0-examples\period-of-time-with-owl-time.jsonld,GeoDCAT-AP 2.0.0,jsonld,1098,parsed,0
02-geodcat-ap\2.0.0-examples\period-of-time-with-owl-time.rdf,GeoDCAT-AP 2.0.0,rdf,713,parsed,7
02-geodcat-ap\2.0.0-examples\period-of-time-with-owl-time.ttl,GeoDCAT-AP 2.0.0,ttl,506,parsed,7
02-geodcat-ap\2.0.0-examples\period-of-time.jsonld,GeoDCAT-AP 2.0.0,jsonld,580,parsed,0
02-geodcat-ap\2.0.0-examples\period-of-time.rdf,GeoDCAT-AP 2.0.0,rdf,527,parsed,3
02-geodcat-ap\2.0.0-examples\period-of-time.ttl,GeoDCAT-AP 2.0.0,ttl,418,parsed,3
02-geodcat-ap\2.0.0-examples\provenance-statement.jsonld,GeoDCAT-AP 2.0.0,jsonld,918,parsed,0
02-geodcat-ap\2.0.0-examples\provenance-statement.rdf,GeoDCAT-AP 2.0.0,rdf,916,parsed,2
02-geodcat-ap\2.0.0-examples\provenance-statement.ttl,GeoDCAT-AP 2.0.0,ttl,825,parsed,2
02-geodcat-ap\2.0.0-examples\quality-measurement.jsonld,GeoDCAT-AP 2.0.0,jsonld,3056,parsed,0
02-geodcat-ap\2.0.0-examples\quality-measurement.rdf,GeoDCAT-AP 2.0.0,rdf,2345,parsed,19
02-geodcat-ap\2.0.0-examples\quality-measurement.ttl,GeoDCAT-AP 2.0.0,ttl,1319,parsed,19
02-geodcat-ap\2.0.0-examples\standard-crs.jsonld,GeoDCAT-AP 2.0.0,jsonld,1236,parsed,0
02-geodcat-ap\2.0.0-examples\standard-crs.rdf,GeoDCAT-AP 2.0.0,rdf,906,parsed,8
02-geodcat-ap\2.0.0-examples\standard-crs.ttl,GeoDCAT-AP 2.0.0,ttl,747,parsed,8
02-geodcat-ap\2.0.0-examples\standard-ir.jsonld,GeoDCAT-AP 2.0.0,jsonld,751,parsed,0
02-geodcat-ap\2.0.0-examples\standard-ir.rdf,GeoDCAT-AP 2.0.0,rdf,666,parsed,3
02-geodcat-ap\2.0.0-examples\standard-ir.ttl,GeoDCAT-AP 2.0.0,ttl,606,parsed,3
02-geodcat-ap\2.0.0-examples\standard-md.jsonld,GeoDCAT-AP 2.0.0,jsonld,512,parsed,0
02-geodcat-ap\2.0.0-examples\standard-md.rdf,GeoDCAT-AP 2.0.0,rdf,439,parsed,3
02-geodcat-ap\2.0.0-examples\standard-md.ttl,GeoDCAT-AP 2.0.0,ttl,399,parsed,3
03-mobilitydcat-ap-1.1.0\SE NAP_dataset_expressed in mobilityDCAT-AP_minimum population_240205.ttl,mobilityDCAT-AP 1.1.0,ttl,4022,parsed,46
03-mobilitydcat-ap-1.1.0\SE NAP_dataset_expressed in mobilityDCAT-AP_minimum population_240205.xml,mobilityDCAT-AP 1.1.0,xml,8192,parsed,39
03-mobilitydcat-ap-1.1.0\SE NAP_dataset_expressed in mobilityDCAT-AP_original population_240205.ttl,mobilityDCAT-AP 1.1.0,ttl,4654,parsed,61
03-mobilitydcat-ap-1.1.0\SE NAP_dataset_expressed in mobilityDCAT-AP_original population_240205.xml,mobilityDCAT-AP 1.1.0,xml,11916,parsed,58
03-mobilitydcat-ap-1.1.0\SE NAP_dataset_original in proprietary DCAT-AP_240205.xml,mobilityDCAT-AP 1.1.0,xml,3308,parsed,33
04-healthdcat-ap\dataset_health.ttl,HealthDCAT-AP (draft),ttl,18637,parsed,220
04-healthdcat-ap\dataset_health_multilingual.ttl,HealthDCAT-AP (draft),ttl,2740,parsed,37
04-healthdcat-ap\dataset_health_no_blank.ttl,HealthDCAT-AP (draft),ttl,4765,parsed,49
04-healthdcat-ap\healthDCATAP_RDF_template.ttl,HealthDCAT-AP (draft),ttl,25374,parsed,429
04-healthdcat-ap\health_dcat_ap.json,HealthDCAT-AP (draft),json,8825,parsed,
05-mldcat-ap-3.1.0\eosc-mldcat-ap-context.jsonld,MLDCAT-AP 3.1.0,jsonld,1673,parse-error,
05-mldcat-ap-3.1.0\eosc-mldcat-ap.jsonld,MLDCAT-AP 3.1.0,jsonld,5136,parse-error,
05-mldcat-ap-3.1.0\example-dataset.jsonld,MLDCAT-AP 3.1.0,jsonld,7259,parse-error,
05-mldcat-ap-3.1.0\example-dataset.ttl,MLDCAT-AP 3.1.0,ttl,4943,parsed,88
05-mldcat-ap-3.1.0\example-machinelearningmodel-eosc.jsonld,MLDCAT-AP 3.1.0,jsonld,8619,parse-error,
05-mldcat-ap-3.1.0\example-machinelearningmodel-eosc.ttl,MLDCAT-AP 3.1.0,ttl,6663,parsed,54
05-mldcat-ap-3.1.0\example-machinelearningmodel-hf-apertus.jsonld,MLDCAT-AP 3.1.0,jsonld,13760,parse-error,
05-mldcat-ap-3.1.0\example-machinelearningmodel-hf-apertus.ttl,MLDCAT-AP 3.1.0,ttl,8232,parsed,107
05-mldcat-ap-3.1.0\example-machinelearningmodel-hf-bloom.jsonld,MLDCAT-AP 3.1.0,jsonld,8403,parse-error,
05-mldcat-ap-3.1.0\example-machinelearningmodel-hf-bloom.ttl,MLDCAT-AP 3.1.0,ttl,6296,parsed,62
06-statdcat-ap-1.0.1\StatDCAT-AP_1.0.1.ttl,StatDCAT-AP 1.0.1,ttl,40303,parsed,325
07-national-profiles\de-dcat-ap-de\2024-02-22_UAG_Beispieldatensatz_v1.ttl,DCAT-AP.de,ttl,3390,fragment,
07-national-profiles\de-dcat-ap-de\v2.0-examples\RDF-JSONLD\dcat_ap_de-RefImp_JSONLD_ADVANCED.jsonld,DCAT-AP.de,jsonld,17321,parsed,119
07-national-profiles\de-dcat-ap-de\v2.0-examples\RDF-JSONLD\dcat_ap_de-RefImp_JSONLD_SIMPLE.jsonld,DCAT-AP.de,jsonld,3532,parsed,21
07-national-profiles\de-dcat-ap-de\v2.0-examples\RDF-TURTLE\dcat_ap_de-RefImp_TTL_ADVANCED.ttl,DCAT-AP.de,ttl,9171,parsed,119
07-national-profiles\de-dcat-ap-de\v2.0-examples\RDF-TURTLE\dcat_ap_de-RefImp_TTL_SIMPLE.ttl,DCAT-AP.de,ttl,2155,parsed,21
07-national-profiles\de-dcat-ap-de\v2.0-examples\RDF-XML\dcat_ap_de-RefImp_RDF_ADVANCED.rdf,DCAT-AP.de,rdf,11297,parsed,119
07-national-profiles\de-dcat-ap-de\v2.0-examples\RDF-XML\dcat_ap_de-RefImp_RDF_SIMPLE.rdf,DCAT-AP.de,rdf,2337,parsed,21
07-national-profiles\de-dcat-ap-de\v2.0-examples\RDF-XML\other\ex-23-dataservice.rdf,DCAT-AP.de,rdf,4365,parsed,36
07-national-profiles\de-dcat-ap-de\v2.0-examples\readme.txt,DCAT-AP.de,txt,170,,
07-national-profiles\es-dcat-ap-es\rdf\1.0.0\E_DCAT-AP-ES_Catalog.rdf,DCAT-AP-ES 1.0.0,rdf,6259,parsed,68
07-national-profiles\es-dcat-ap-es\rdf\1.0.0\E_DCAT-AP-ES_Catalog_HVD.rdf,DCAT-AP-ES 1.0.0,rdf,6401,parsed,69
07-national-profiles\es-dcat-ap-es\rdf\1.0.0\E_DCAT-AP-ES_Catalog_NSIP.rdf,DCAT-AP-ES 1.0.0,rdf,42510,parsed,424
07-national-profiles\es-dcat-ap-es\rdf\1.0.0\E_DCAT-AP-ES_full_optional.rdf,DCAT-AP-ES 1.0.0,rdf,31416,parsed,332
07-national-profiles\es-dcat-ap-es\rdf\1.0.0\E_DCAT-AP-ES_minimal.rdf,DCAT-AP-ES 1.0.0,rdf,4065,parsed,19
07-national-profiles\es-dcat-ap-es\rdf\A01_Nombre_Catálogo.rdf,DCAT-AP-ES 1.0.0,rdf,666,parsed,5
07-national-profiles\es-dcat-ap-es\rdf\A02_Nombre_Catálogo_ampliado.rdf,DCAT-AP-ES 1.0.0,rdf,1696,parsed,14
07-national-profiles\es-dcat-ap-es\rdf\Conventions_annex-4.rdf,DCAT-AP-ES 1.0.0,rdf,301,parsed,0
07-national-profiles\es-dcat-ap-es\rdf\E10_Data_Service_CSW_HVD.rdf,DCAT-AP-ES 1.0.0,rdf,4690,parsed,45
07-national-profiles\es-dcat-ap-es\rdf\E1_Catalog_Dataset-DataService-HVD.rdf,DCAT-AP-ES 1.0.0,rdf,7055,parse-error,
07-national-profiles\es-dcat-ap-es\rdf\E1_Catalogo_solo_obligatorias.rdf,DCAT-AP-ES 1.0.0,rdf,1608,parsed,13
07-national-profiles\es-dcat-ap-es\rdf\E2_Catalogo_obligatorias_recomendadas.rdf,DCAT-AP-ES 1.0.0,rdf,2826,parsed,28
07-national-profiles\es-dcat-ap-es\rdf\E3_Catalogo_obligatorias_recomendadas_opcionales.rdf,DCAT-AP-ES 1.0.0,rdf,6109,parsed,60
07-national-profiles\es-dcat-ap-es\rdf\E4_Catalogo_publisher_organizacion.rdf,DCAT-AP-ES 1.0.0,rdf,2033,parsed,19
07-national-profiles\es-dcat-ap-es\rdf\E5_Catalog_record.rdf,DCAT-AP-ES 1.0.0,rdf,2606,parsed,25
07-national-profiles\es-dcat-ap-es\rdf\E6_Dataset_HVD.rdf,DCAT-AP-ES 1.0.0,rdf,5908,parsed,60
07-national-profiles\es-dcat-ap-es\rdf\E7_Distribuciones_HVD.rdf,DCAT-AP-ES 1.0.0,rdf,3247,parsed,29
07-national-profiles\es-dcat-ap-es\rdf\E8_1_Gestion_identificadores.rdf,DCAT-AP-ES 1.0.0,rdf,2705,parsed,26
07-national-profiles\es-dcat-ap-es\rdf\E8_2_Gestion_identificadores.rdf,DCAT-AP-ES 1.0.0,rdf,3573,parsed,31
07-national-profiles\es-dcat-ap-es\rdf\E9_Data_Service_HVD.rdf,DCAT-AP-ES 1.0.0,rdf,1945,parsed,18
07-national-profiles\es-dcat-ap-es\ttl\1.0.0\E_DCAT-AP-ES_Catalog.ttl,DCAT-AP-ES 1.0.0,ttl,4714,parsed,68
07-national-profiles\es-dcat-ap-es\ttl\1.0.0\E_DCAT-AP-ES_Catalog_HVD.ttl,DCAT-AP-ES 1.0.0,ttl,5024,parsed,71
07-national-profiles\es-dcat-ap-es\ttl\1.0.0\E_DCAT-AP-ES_Catalog_HVD_full.ttl,DCAT-AP-ES 1.0.0,ttl,12127,parsed,162
07-national-profiles\es-dcat-ap-es\ttl\1.0.0\E_DCAT-AP-ES_Catalog_HVD_minimal.ttl,DCAT-AP-ES 1.0.0,ttl,3592,parsed,37
07-national-profiles\es-dcat-ap-es\ttl\1.0.0\E_DCAT-AP-ES_Catalog_NSIP.ttl,DCAT-AP-ES 1.0.0,ttl,25966,parsed,294
07-national-profiles\es-dcat-ap-es\ttl\1.0.0\E_DCAT-AP-ES_full.ttl,DCAT-AP-ES 1.0.0,ttl,6776,parsed,94
07-national-profiles\es-dcat-ap-es\ttl\1.0.0\E_DCAT-AP-ES_full_optional.ttl,DCAT-AP-ES 1.0.0,ttl,21910,parsed,322
07-national-profiles\es-dcat-ap-es\ttl\1.0.0\E_DCAT-AP-ES_minimal.ttl,DCAT-AP-ES 1.0.0,ttl,3448,parsed,19
07-national-profiles\es-dcat-ap-es\ttl\A01_Nombre_Catálogo.ttl,DCAT-AP-ES 1.0.0,ttl,371,parsed,5
07-national-profiles\es-dcat-ap-es\ttl\A02_Nombre_Catálogo_ampliado.ttl,DCAT-AP-ES 1.0.0,ttl,1123,parsed,14
07-national-profiles\es-dcat-ap-es\ttl\Conventions_annex-4.ttl,DCAT-AP-ES 1.0.0,ttl,240,parsed,0
07-national-profiles\es-dcat-ap-es\ttl\Conventions_catalog-dcat-themetaxonomy.ttl,DCAT-AP-ES 1.0.0,ttl,582,fragment,
07-national-profiles\es-dcat-ap-es\ttl\Conventions_catalog-dct-haspart.ttl,DCAT-AP-ES 1.0.0,ttl,1038,parsed,11
07-national-profiles\es-dcat-ap-es\ttl\Conventions_dataservice-apikey-public.ttl,DCAT-AP-ES 1.0.0,ttl,1870,parsed,20
07-national-profiles\es-dcat-ap-es\ttl\Conventions_dataservice-apikey-restricted.ttl,DCAT-AP-ES 1.0.0,ttl,2036,parsed,23
07-national-profiles\es-dcat-ap-es\ttl\Conventions_dataservice-hvd-dataservice.ttl,DCAT-AP-ES 1.0.0,ttl,2520,parsed,31
07-national-profiles\es-dcat-ap-es\ttl\Conventions_dataservice-ogc-services.ttl,DCAT-AP-ES 1.0.0,ttl,1334,fragment,
07-national-profiles\es-dcat-ap-es\ttl\Conventions_dataset-dcat-contactpoint_correct.ttl,DCAT-AP-ES 1.0.0,ttl,480,parsed,8
07-national-profiles\es-dcat-ap-es\ttl\Conventions_dataset-dcat-contactpoint_incorrect.ttl,DCAT-AP-ES 1.0.0,ttl,230,parsed,1
07-national-profiles\es-dcat-ap-es\ttl\Conventions_dataset-dcat-distribution.ttl,DCAT-AP-ES 1.0.0,ttl,457,parsed,6
07-national-profiles\es-dcat-ap-es\ttl\Conventions_dataset-dct-spatial-geometry.ttl,DCAT-AP-ES 1.0.0,ttl,656,parsed,5
07-national-profiles\es-dcat-ap-es\ttl\Conventions_dataset-dct-spatial_correct.ttl,DCAT-AP-ES 1.0.0,ttl,646,fragment,
07-national-profiles\es-dcat-ap-es\ttl\Conventions_dataset-dct-spatial_incorrect.ttl,DCAT-AP-ES 1.0.0,ttl,474,fragment,
07-national-profiles\es-dcat-ap-es\ttl\Conventions_dataset-metadata-relation.ttl,DCAT-AP-ES 1.0.0,ttl,1497,fragment,
07-national-profiles\es-dcat-ap-es\ttl\Conventions_distribution-ogc-urls.ttl,DCAT-AP-ES 1.0.0,ttl,3074,parsed,42
07-national-profiles\es-dcat-ap-es\ttl\Conventions_general-dates.ttl,DCAT-AP-ES 1.0.0,ttl,579,parsed,8
07-national-profiles\es-dcat-ap-es\ttl\Conventions_general-eli.ttl,DCAT-AP-ES 1.0.0,ttl,564,fragment,
07-national-profiles\es-dcat-ap-es\ttl\Conventions_general-http-uris.ttl,DCAT-AP-ES 1.0.0,ttl,910,fragment,
07-national-profiles\es-dcat-ap-es\ttl\Conventions_general-nsip-erpd-publication.ttl,DCAT-AP-ES 1.0.0,ttl,2022,parsed,20
07-national-profiles\es-dcat-ap-es\ttl\Conventions_general-resource-identifier.ttl,DCAT-AP-ES 1.0.0,ttl,528,parsed,6
07-national-profiles\es-dcat-ap-es\ttl\Conventions_general-temporal.ttl,DCAT-AP-ES 1.0.0,ttl,396,fragment,
07-national-profiles\es-dcat-ap-es\ttl\Conventions_general-themes.ttl,DCAT-AP-ES 1.0.0,ttl,755,fragment,
07-national-profiles\es-dcat-ap-es\ttl\Conventions_general-uri-encoding.ttl,DCAT-AP-ES 1.0.0,ttl,349,parsed,2
07-national-profiles\es-dcat-ap-es\ttl\Conventions_general_temporal-resolution.ttl,DCAT-AP-ES 1.0.0,ttl,780,parsed,6
07-national-profiles\es-dcat-ap-es\ttl\E10_Data_Service_CSW_HVD.ttl,DCAT-AP-ES 1.0.0,ttl,3280,parsed,41
07-national-profiles\es-dcat-ap-es\ttl\E1_Catalog_Dataset-DataService-HVD.ttl,DCAT-AP-ES 1.0.0,ttl,4101,parsed,79
07-national-profiles\es-dcat-ap-es\ttl\E1_Catalogo_solo_obligatorias.ttl,DCAT-AP-ES 1.0.0,ttl,1055,parsed,13
07-national-profiles\es-dcat-ap-es\ttl\E2_Catalogo_obligatorias_recomendadas.ttl,DCAT-AP-ES 1.0.0,ttl,2018,parsed,29
07-national-profiles\es-dcat-ap-es\ttl\E3_Catalogo_obligatorias_recomendadas_opcionales.ttl,DCAT-AP-ES 1.0.0,ttl,4497,parsed,60
07-national-profiles\es-dcat-ap-es\ttl\E4_Catalogo_publisher_organizacion.ttl,DCAT-AP-ES 1.0.0,ttl,1466,parsed,21
07-national-profiles\es-dcat-ap-es\ttl\E5_Catalog_record.ttl,DCAT-AP-ES 1.0.0,ttl,1736,parsed,24
07-national-profiles\es-dcat-ap-es\ttl\E6_Dataset_HVD.ttl,DCAT-AP-ES 1.0.0,ttl,3825,parsed,54
07-national-profiles\es-dcat-ap-es\ttl\E7_Distribuciones_HVD.ttl,DCAT-AP-ES 1.0.0,ttl,2342,parsed,28
07-national-profiles\es-dcat-ap-es\ttl\E8_1_Gestion_identificadores.ttl,DCAT-AP-ES 1.0.0,ttl,2111,parsed,26
07-national-profiles\es-dcat-ap-es\ttl\E8_2_Gestion_identificadores.ttl,DCAT-AP-ES 1.0.0,ttl,2805,parsed,33
07-national-profiles\es-dcat-ap-es\ttl\E9_Data_Service_HVD.ttl,DCAT-AP-ES 1.0.0,ttl,1394,parsed,17
07-national-profiles\es-dcat-ap-es\ttl\NTI-RISPv1_Catalog.ttl,DCAT-AP-ES 1.0.0,ttl,1198,parsed,17
07-national-profiles\es-dcat-ap-es\ttl\NTI-RISPv1_Dataset.ttl,DCAT-AP-ES 1.0.0,ttl,2110,parsed,37
07-national-profiles\es-dcat-ap-es\ttl\NTI-RISPv1_Distribution.ttl,DCAT-AP-ES 1.0.0,ttl,882,parsed,12
07-national-profiles\no-dcat-ap-no\DCAT-AP-NO2.0-examples.ttl,DCAT-AP-NO,ttl,17673,parsed,204
07-national-profiles\no-dcat-ap-no\dataset-series-example.ttl,DCAT-AP-NO,ttl,2614,parsed,41
07-national-profiles\no-dcat-ap-no\test.ttl,DCAT-AP-NO,ttl,13892,parsed,186
07-national-profiles\no-dcat-ap-no\test2.ttl,DCAT-AP-NO,ttl,5038,parsed,68
07-national-profiles\no-dcat-ap-no\test_begrep.ttl,DCAT-AP-NO,ttl,1995,parsed,24
10-dcat-us-3.0\context\dcat-us-3.0.jsonld,DCAT-US 3.0 (JSON-LD context),jsonld,48311,parsed,0
10-dcat-us-3.0\json\AccessRestriction\good\minimal_example.json,DCAT-US 3.0 (JSON Schema examples),json,40,parsed,
10-dcat-us-3.0\json\AccessRestriction\good\null_example.json,DCAT-US 3.0 (JSON Schema examples),json,88,parsed,
10-dcat-us-3.0\json\AccessRestriction\good\typical_example.json,DCAT-US 3.0 (JSON Schema examples),json,253,parsed,
10-dcat-us-3.0\json\Activity\bad\invalid_label_type.json,DCAT-US 3.0 (JSON Schema examples),json,124,parsed,
10-dcat-us-3.0\json\Activity\bad\missing_required_label.json,DCAT-US 3.0 (JSON Schema examples),json,315,parsed,
10-dcat-us-3.0\json\Activity\good\complete_example.json,DCAT-US 3.0 (JSON Schema examples),json,567,parsed,
10-dcat-us-3.0\json\Activity\good\minimal_example.json,DCAT-US 3.0 (JSON Schema examples),json,33,parsed,
10-dcat-us-3.0\json\Activity\good\null_example.json,DCAT-US 3.0 (JSON Schema examples),json,38,parsed,
10-dcat-us-3.0\json\Activity\good\typical_example.json,DCAT-US 3.0 (JSON Schema examples),json,120,parsed,
10-dcat-us-3.0\json\Address\bad\invalid_country_type.json,DCAT-US 3.0 (JSON Schema examples),json,50,parsed,
10-dcat-us-3.0\json\Address\bad\invalid_postal_code_type.json,DCAT-US 3.0 (JSON Schema examples),json,49,parsed,
10-dcat-us-3.0\json\Address\good\complete_example.json,DCAT-US 3.0 (JSON Schema examples),json,229,parsed,
10-dcat-us-3.0\json\Address\good\minimal_example.json,DCAT-US 3.0 (JSON Schema examples),json,25,parsed,
10-dcat-us-3.0\json\Address\good\null_example.json,DCAT-US 3.0 (JSON Schema examples),json,114,parsed,
10-dcat-us-3.0\json\Address\good\typical_example.json,DCAT-US 3.0 (JSON Schema examples),json,172,parsed,
10-dcat-us-3.0\json\Agent\bad\concept_missing_prefLabel.json,DCAT-US 3.0 (JSON Schema examples),json,303,parsed,
10-dcat-us-3.0\json\Agent\bad\invalid_category_type.json,DCAT-US 3.0 (JSON Schema examples),json,127,parsed,
10-dcat-us-3.0\json\Agent\bad\invalid_name_type.json,DCAT-US 3.0 (JSON Schema examples),json,159,parsed,
10-dcat-us-3.0\json\Agent\bad\missing_required_name.json,DCAT-US 3.0 (JSON Schema examples),json,313,parsed,
10-dcat-us-3.0\json\Agent\good\complete_example.json,DCAT-US 3.0 (JSON Schema examples),json,549,parsed,
10-dcat-us-3.0\json\Agent\good\minimal_example.json,DCAT-US 3.0 (JSON Schema examples),json,68,parsed,
10-dcat-us-3.0\json\Agent\good\null_example.json,DCAT-US 3.0 (JSON Schema examples),json,47,parsed,
10-dcat-us-3.0\json\Agent\good\simple_category_example.json,DCAT-US 3.0 (JSON Schema examples),json,176,parsed,
10-dcat-us-3.0\json\Agent\good\typical_example.json,DCAT-US 3.0 (JSON Schema examples),json,128,parsed,
10-dcat-us-3.0\json\Attribution\bad\invalid_hadRole_type.json,DCAT-US 3.0 (JSON Schema examples),json,171,parsed,
10-dcat-us-3.0\json\Attribution\bad\missing_required_agent.json,DCAT-US 3.0 (JSON Schema examples),json,111,parsed,
10-dcat-us-3.0\json\Attribution\bad\missing_required_hadRole.json,DCAT-US 3.0 (JSON Schema examples),json,151,parsed,
10-dcat-us-3.0\json\Attribution\good\complete_example.json,DCAT-US 3.0 (JSON Schema examples),json,732,parsed,
10-dcat-us-3.0\json\Attribution\good\minimal_example.json,DCAT-US 3.0 (JSON Schema examples),json,101,parsed,
10-dcat-us-3.0\json\Attribution\good\typical_example.json,DCAT-US 3.0 (JSON Schema examples),json,127,parsed,
10-dcat-us-3.0\json\CUIRestriction\bad\invalid_cuiBannerMarking_type.json,DCAT-US 3.0 (JSON Schema examples),json,92,parsed,
10-dcat-us-3.0\json\CUIRestriction\bad\missing_cuiBannerMarking.json,DCAT-US 3.0 (JSON Schema examples),json,65,parsed,
10-dcat-us-3.0\json\CUIRestriction\bad\missing_designationIndicator.json,DCAT-US 3.0 (JSON Schema examples),json,71,parsed,
10-dcat-us-3.0\json\CUIRestriction\good\complete_example.json,DCAT-US 3.0 (JSON Schema examples),json,270,parsed,
10-dcat-us-3.0\json\CUIRestriction\good\minimal_example.json,DCAT-US 3.0 (JSON Schema examples),json,104,parsed,
10-dcat-us-3.0\json\CUIRestriction\good\null_example.json,DCAT-US 3.0 (JSON Schema examples),json,100,parsed,
10-dcat-us-3.0\json\CUIRestriction\good\typical_example.json,DCAT-US 3.0 (JSON Schema examples),json,109,parsed,
10-dcat-us-3.0\json\Catalog\bad\invalid_dataset_type.json,DCAT-US 3.0 (JSON Schema examples),json,205,parsed,
10-dcat-us-3.0\json\Catalog\bad\invalid_homepage_type.json,DCAT-US 3.0 (JSON Schema examples),json,533,parsed,
10-dcat-us-3.0\json\Catalog\bad\invalid_issued_format.json,DCAT-US 3.0 (JSON Schema examples),json,483,parsed,
10-dcat-us-3.0\json\Catalog\bad\invalid_language_format.json,DCAT-US 3.0 (JSON Schema examples),json,496,parsed,
10-dcat-us-3.0\json\Catalog\bad\missing_required_dataset.json,DCAT-US 3.0 (JSON Schema examples),json,136,parsed,
10-dcat-us-3.0\json\Catalog\good\complete_example.json,DCAT-US 3.0 (JSON Schema examples),json,6848,parsed,
10-dcat-us-3.0\json\Catalog\good\minimal_example.json,DCAT-US 3.0 (JSON Schema examples),json,354,parsed,
10-dcat-us-3.0\json\Catalog\good\typical_example.json,DCAT-US 3.0 (JSON Schema examples),json,2293,parsed,
10-dcat-us-3.0\json\CatalogRecord\bad\invalid_modified_format.json,DCAT-US 3.0 (JSON Schema examples),json,225,parsed,
10-dcat-us-3.0\json\CatalogRecord\bad\missing_required_modified.json,DCAT-US 3.0 (JSON Schema examples),json,195,parsed,
10-dcat-us-3.0\json\CatalogRecord\bad\missing_required_primaryTopic.json,DCAT-US 3.0 (JSON Schema examples),json,160,parsed,
10-dcat-us-3.0\json\CatalogRecord\good\complete_example.json,DCAT-US 3.0 (JSON Schema examples),json,1150,parsed,
10-dcat-us-3.0\json\CatalogRecord\good\minimal_example.json,DCAT-US 3.0 (JSON Schema examples),json,99,parsed,
10-dcat-us-3.0\json\CatalogRecord\good\typical_example.json,DCAT-US 3.0 (JSON Schema examples),json,301,parsed,
10-dcat-us-3.0\json\Checksum\bad\invalid_algorithm_type.json,DCAT-US 3.0 (JSON Schema examples),json,133,parsed,
10-dcat-us-3.0\json\Checksum\bad\missing_algorithm.json,DCAT-US 3.0 (JSON Schema examples),json,113,parsed,
10-dcat-us-3.0\json\Checksum\bad\missing_checksumValue.json,DCAT-US 3.0 (JSON Schema examples),json,52,parsed,
10-dcat-us-3.0\json\Checksum\good\complete_example.json,DCAT-US 3.0 (JSON Schema examples),json,200,parsed,
10-dcat-us-3.0\json\Checksum\good\minimal_example.json,DCAT-US 3.0 (JSON Schema examples),json,139,parsed,
10-dcat-us-3.0\json\Checksum\good\null_example.json,DCAT-US 3.0 (JSON Schema examples),json,45,parsed,
10-dcat-us-3.0\json\Checksum\good\typical_example.json,DCAT-US 3.0 (JSON Schema examples),json,139,parsed,
10-dcat-us-3.0\json\Concept\bad\empty_object.json,DCAT-US 3.0 (JSON Schema examples),json,102,parsed,
10-dcat-us-3.0\json\Concept\bad\invalid_altLabel_type.json,DCAT-US 3.0 (JSON Schema examples),json,148,parsed,
10-dcat-us-3.0\json\Concept\bad\invalid_definition_type.json,DCAT-US 3.0 (JSON Schema examples),json,199,parsed,
10-dcat-us-3.0\json\Concept\bad\invalid_inScheme_type.json,DCAT-US 3.0 (JSON Schema examples),json,172,parsed,
10-dcat-us-3.0\json\Concept\bad\invalid_notation_items_type.json,DCAT-US 3.0 (JSON Schema examples),json,158,parsed,
10-dcat-us-3.0\json\Concept\bad\invalid_notation_type_string.json,DCAT-US 3.0 (JSON Schema examples),json,170,parsed,
10-dcat-us-3.0\json\Concept\bad\invalid_prefLabel_type_array.json,DCAT-US 3.0 (JSON Schema examples),json,137,parsed,
10-dcat-us-3.0\json\Concept\bad\invalid_prefLabel_type_number.json,DCAT-US 3.0 (JSON Schema examples),json,116,parsed,
10-dcat-us-3.0\json\Concept\bad\missing_required_prefLabel.json,DCAT-US 3.0 (JSON Schema examples),json,248,parsed,
10-dcat-us-3.0\json\Concept\good\complete_example.json,DCAT-US 3.0 (JSON Schema examples),json,534,parsed,
10-dcat-us-3.0\json\Concept\good\minimal_object.json,DCAT-US 3.0 (JSON Schema examples),json,55,parsed,
10-dcat-us-3.0\json\Concept\good\null_example.json,DCAT-US 3.0 (JSON Schema examples),json,22,parsed,
10-dcat-us-3.0\json\Concept\good\typical_example.json,DCAT-US 3.0 (JSON Schema examples),json,279,parsed,
10-dcat-us-3.0\json\ConceptScheme\bad\invalid_date_format.json,DCAT-US 3.0 (JSON Schema examples),json,83,parsed,
10-dcat-us-3.0\json\ConceptScheme\bad\invalid_title_type.json,DCAT-US 3.0 (JSON Schema examples),json,49,parsed,
10-dcat-us-3.0\json\ConceptScheme\bad\missing_title.json,DCAT-US 3.0 (JSON Schema examples),json,76,parsed,
10-dcat-us-3.0\json\ConceptScheme\good\complete_example.json,DCAT-US 3.0 (JSON Schema examples),json,364,parsed,
10-dcat-us-3.0\json\ConceptScheme\good\minimal_example.json,DCAT-US 3.0 (JSON Schema examples),json,80,parsed,
10-dcat-us-3.0\json\ConceptScheme\good\null_example.json,DCAT-US 3.0 (JSON Schema examples),json,117,parsed,
10-dcat-us-3.0\json\ConceptScheme\good\typical_example.json,DCAT-US 3.0 (JSON Schema examples),json,164,parsed,
10-dcat-us-3.0\json\DataService\bad\missing_required_contactPoint.json,DCAT-US 3.0 (JSON Schema examples),json,218,parsed,
10-dcat-us-3.0\json\DataService\bad\missing_required_endpointURL.json,DCAT-US 3.0 (JSON Schema examples),json,276,parsed,
10-dcat-us-3.0\json\DataService\bad\missing_required_publisher.json,DCAT-US 3.0 (JSON Schema examples),json,279,parsed,
10-dcat-us-3.0\json\DataService\bad\missing_required_title.json,DCAT-US 3.0 (JSON Schema examples),json,300,parsed,
10-dcat-us-3.0\json\DataService\good\complete_example.json,DCAT-US 3.0 (JSON Schema examples),json,5714,parsed,
10-dcat-us-3.0\json\DataService\good\minimal_example.json,DCAT-US 3.0 (JSON Schema examples),json,289,parsed,
10-dcat-us-3.0\json\DataService\good\null_example.json,DCAT-US 3.0 (JSON Schema examples),json,740,parsed,
10-dcat-us-3.0\json\DataService\good\typical_example.json,DCAT-US 3.0 (JSON Schema examples),json,1141,parsed,
10-dcat-us-3.0\json\Dataset\bad\bad-accrual-periodicity.json,DCAT-US 3.0 (JSON Schema examples),json,337,parsed,
10-dcat-us-3.0\json\Dataset\good\complete_example.json,DCAT-US 3.0 (JSON Schema examples),json,11950,parsed,
10-dcat-us-3.0\json\Dataset\good\comprehensive-dataset.json,DCAT-US 3.0 (JSON Schema examples),json,13245,parsed,
10-dcat-us-3.0\json\Dataset\good\good-accrual-periodicity.json,DCAT-US 3.0 (JSON Schema examples),json,950,parsed,
10-dcat-us-3.0\json\Dataset\good\minimal_example.json,DCAT-US 3.0 (JSON Schema examples),json,238,parsed,
10-dcat-us-3.0\json\Dataset\good\null_example.json,DCAT-US 3.0 (JSON Schema examples),json,1425,parsed,
10-dcat-us-3.0\json\Dataset\good\theme_full_example.json,DCAT-US 3.0 (JSON Schema examples),json,1053,parsed,
10-dcat-us-3.0\json\Dataset\good\theme_simple_example.json,DCAT-US 3.0 (JSON Schema examples),json,448,parsed,
10-dcat-us-3.0\json\Dataset\good\typical_example.json,DCAT-US 3.0 (JSON Schema examples),json,1857,parsed,
10-dcat-us-3.0\json\DatasetSeries\bad\bad-accrual-periodicity.json,DCAT-US 3.0 (JSON Schema examples),json,197,parsed,
10-dcat-us-3.0\json\DatasetSeries\good\complete_example.json,DCAT-US 3.0 (JSON Schema examples),json,4642,parsed,
10-dcat-us-3.0\json\DatasetSeries\good\good-accrual-periodicity.json,DCAT-US 3.0 (JSON Schema examples),json,253,parsed,
10-dcat-us-3.0\json\DatasetSeries\good\minimal_example.json,DCAT-US 3.0 (JSON Schema examples),json,173,parsed,
10-dcat-us-3.0\json\DatasetSeries\good\null_example.json,DCAT-US 3.0 (JSON Schema examples),json,315,parsed,
10-dcat-us-3.0\json\DatasetSeries\good\typical_example.json,DCAT-US 3.0 (JSON Schema examples),json,3277,parsed,
10-dcat-us-3.0\json\Distribution\bad\invalid_byteSize_type.json,DCAT-US 3.0 (JSON Schema examples),json,154,parsed,
10-dcat-us-3.0\json\Distribution\bad\invalid_url_format.json,DCAT-US 3.0 (JSON Schema examples),json,153,parsed,
10-dcat-us-3.0\json\Distribution\good\complete_example.json,DCAT-US 3.0 (JSON Schema examples),json,5002,parsed,
10-dcat-us-3.0\json\Distribution\good\minimal_example.json,DCAT-US 3.0 (JSON Schema examples),json,3,parsed,
10-dcat-us-3.0\json\Distribution\good\null_example.json,DCAT-US 3.0 (JSON Schema examples),json,775,parsed,
10-dcat-us-3.0\json\Distribution\good\typical_example.json,DCAT-US 3.0 (JSON Schema examples),json,849,parsed,
10-dcat-us-3.0\json\Document\bad\invalid_title_type.json,DCAT-US 3.0 (JSON Schema examples),json,94,parsed,
10-dcat-us-3.0\json\Document\bad\missing_required_title.json,DCAT-US 3.0 (JSON Schema examples),json,139,parsed,
10-dcat-us-3.0\json\Document\good\complete_example.json,DCAT-US 3.0 (JSON Schema examples),json,2904,parsed,
10-dcat-us-3.0\json\Document\good\minimal_example.json,DCAT-US 3.0 (JSON Schema examples),json,41,parsed,
10-dcat-us-3.0\json\Document\good\null_example.json,DCAT-US 3.0 (JSON Schema examples),json,336,parsed,
10-dcat-us-3.0\json\Document\good\typical_example.json,DCAT-US 3.0 (JSON Schema examples),json,586,parsed,
10-dcat-us-3.0\json\Identifier\bad\invalid_issued_format.json,DCAT-US 3.0 (JSON Schema examples),json,139,parsed,
10-dcat-us-3.0\json\Identifier\bad\invalid_notation_type.json,DCAT-US 3.0 (JSON Schema examples),json,120,parsed,
10-dcat-us-3.0\json\Identifier\good\complete_example.json,DCAT-US 3.0 (JSON Schema examples),json,439,parsed,
10-dcat-us-3.0\json\Identifier\good\minimal_object_example.json,DCAT-US 3.0 (JSON Schema examples),json,3,parsed,
10-dcat-us-3.0\json\Identifier\good\minimal_string_example.json,DCAT-US 3.0 (JSON Schema examples),json,16,parsed,
10-dcat-us-3.0\json\Identifier\good\null_example.json,DCAT-US 3.0 (JSON Schema examples),json,103,parsed,
10-dcat-us-3.0\json\Identifier\good\typical_example.json,DCAT-US 3.0 (JSON Schema examples),json,113,parsed,
10-dcat-us-3.0\json\Kind\bad\invalid_hasEmail_format.json,DCAT-US 3.0 (JSON Schema examples),json,137,parsed,
10-dcat-us-3.0\json\Kind\bad\missing_required_fn.json,DCAT-US 3.0 (JSON Schema examples),json,115,parsed,
10-dcat-us-3.0\json\Kind\bad\missing_required_hasEmail.json,DCAT-US 3.0 (JSON Schema examples),json,100,parsed,
10-dcat-us-3.0\json\Kind\good\complete_example.json,DCAT-US 3.0 (JSON Schema examples),json,613,parsed,
10-dcat-us-3.0\json\Kind\good\minimal_example.json,DCAT-US 3.0 (JSON Schema examples),json,81,parsed,
10-dcat-us-3.0\json\Kind\good\null_example.json,DCAT-US 3.0 (JSON Schema examples),json,178,parsed,
10-dcat-us-3.0\json\Kind\good\typical_example.json,DCAT-US 3.0 (JSON Schema examples),json,194,parsed,
10-dcat-us-3.0\json\Location\bad\invalid_bbox_type.json,DCAT-US 3.0 (JSON Schema examples),json,137,parsed,
10-dcat-us-3.0\json\Location\bad\invalid_centroid_coordinates.json,DCAT-US 3.0 (JSON Schema examples),json,211,parsed,
10-dcat-us-3.0\json\Location\bad\invalid_centroid_type.json,DCAT-US 3.0 (JSON Schema examples),json,213,parsed,
10-dcat-us-3.0\json\Location\bad\invalid_geojson_bbox_missing_type.json,DCAT-US 3.0 (JSON Schema examples),json,350,parsed,
10-dcat-us-3.0\json\Location\bad\invalid_geojson_bbox_wrong_type.json,DCAT-US 3.0 (JSON Schema examples),json,282,parsed,
10-dcat-us-3.0\json\Location\bad\invalid_prefLabel_type.json,DCAT-US 3.0 (JSON Schema examples),json,125,parsed,
10-dcat-us-3.0\json\Location\good\bbox_geojson.json,DCAT-US 3.0 (JSON Schema examples),json,346,parsed,
10-dcat-us-3.0\json\Location\good\bbox_wkt.json,DCAT-US 3.0 (JSON Schema examples),json,209,parsed,
10-dcat-us-3.0\json\Location\good\centroid_geojson.json,DCAT-US 3.0 (JSON Schema examples),json,203,parsed,
10-dcat-us-3.0\json\Location\good\complete_example.json,DCAT-US 3.0 (JSON Schema examples),json,1379,parsed,
10-dcat-us-3.0\json\Location\good\geometry_geojson.json,DCAT-US 3.0 (JSON Schema examples),json,522,parsed,
10-dcat-us-3.0\json\Location\good\identifier_iri_reference.json,DCAT-US 3.0 (JSON Schema examples),json,220,parsed,
10-dcat-us-3.0\json\Location\good\minimal_example.json,DCAT-US 3.0 (JSON Schema examples),json,26,parsed,
10-dcat-us-3.0\json\Location\good\null_example.json,DCAT-US 3.0 (JSON Schema examples),json,169,parsed,
10-dcat-us-3.0\json\Location\good\typical_example.json,DCAT-US 3.0 (JSON Schema examples),json,136,parsed,
10-dcat-us-3.0\json\Metric\bad\invalid_expectedDataType_type.json,DCAT-US 3.0 (JSON Schema examples),json,121,parsed,
10-dcat-us-3.0\json\Metric\bad\missing_expectedDataType.json,DCAT-US 3.0 (JSON Schema examples),json,94,parsed,
10-dcat-us-3.0\json\Metric\bad\missing_inDimension.json,DCAT-US 3.0 (JSON Schema examples),json,61,parsed,
10-dcat-us-3.0\json\Metric\good\complete_example.json,DCAT-US 3.0 (JSON Schema examples),json,321,parsed,
10-dcat-us-3.0\json\Metric\good\minimal_example.json,DCAT-US 3.0 (JSON Schema examples),json,88,parsed,
10-dcat-us-3.0\json\Metric\good\null_example.json,DCAT-US 3.0 (JSON Schema examples),json,85,parsed,
10-dcat-us-3.0\json\Metric\good\typical_example.json,DCAT-US 3.0 (JSON Schema examples),json,190,parsed,
10-dcat-us-3.0\json\Organization\bad\invalid_name_type.json,DCAT-US 3.0 (JSON Schema examples),json,47,parsed,
10-dcat-us-3.0\json\Organization\bad\missing_name.json,DCAT-US 3.0 (JSON Schema examples),json,61,parsed,
10-dcat-us-3.0\json\Organization\good\complete_example.json,DCAT-US 3.0 (JSON Schema examples),json,400,parsed,
10-dcat-us-3.0\json\Organization\good\minimal_example.json,DCAT-US 3.0 (JSON Schema examples),json,71,parsed,
10-dcat-us-3.0\json\Organization\good\null_example.json,DCAT-US 3.0 (JSON Schema examples),json,107,parsed,
10-dcat-us-3.0\json\Organization\good\typical_example.json,DCAT-US 3.0 (JSON Schema examples),json,94,parsed,
10-dcat-us-3.0\json\PeriodOfTime\bad\invalid_date_format.json,DCAT-US 3.0 (JSON Schema examples),json,61,parsed,
10-dcat-us-3.0\json\PeriodOfTime\bad\invalid_date_type.json,DCAT-US 3.0 (JSON Schema examples),json,55,parsed,
10-dcat-us-3.0\json\PeriodOfTime\bad\missing_date.json,DCAT-US 3.0 (JSON Schema examples),json,30,parsed,
10-dcat-us-3.0\json\PeriodOfTime\good\complete_example.json,DCAT-US 3.0 (JSON Schema examples),json,143,parsed,
10-dcat-us-3.0\json\PeriodOfTime\good\minimal_example_end_date_only.json,DCAT-US 3.0 (JSON Schema examples),json,57,parsed,
10-dcat-us-3.0\json\PeriodOfTime\good\minimal_example_start_date_only.json,DCAT-US 3.0 (JSON Schema examples),json,59,parsed,
10-dcat-us-3.0\json\PeriodOfTime\good\null_example.json,DCAT-US 3.0 (JSON Schema examples),json,43,parsed,
10-dcat-us-3.0\json\PeriodOfTime\good\typical_example.json,DCAT-US 3.0 (JSON Schema examples),json,86,parsed,
10-dcat-us-3.0\json\PeriodOfTime\good\year_month_example.json,DCAT-US 3.0 (JSON Schema examples),json,80,parsed,
10-dcat-us-3.0\json\PeriodOfTime\good\year_only_example.json,DCAT-US 3.0 (JSON Schema examples),json,53,parsed,
10-dcat-us-3.0\json\QualityMeasurement\bad\invalid_value_type.json,DCAT-US 3.0 (JSON Schema examples),json,170,parsed,
10-dcat-us-3.0\json\QualityMeasurement\bad\missing_required_isMeasurementOf.json,DCAT-US 3.0 (JSON Schema examples),json,116,parsed,
10-dcat-us-3.0\json\QualityMeasurement\bad\missing_required_value.json,DCAT-US 3.0 (JSON Schema examples),json,153,parsed,
10-dcat-us-3.0\json\QualityMeasurement\good\complete_example.json,DCAT-US 3.0 (JSON Schema examples),json,473,parsed,
10-dcat-us-3.0\json\QualityMeasurement\good\minimal_example.json,DCAT-US 3.0 (JSON Schema examples),json,162,parsed,
10-dcat-us-3.0\json\QualityMeasurement\good\null_example.json,DCAT-US 3.0 (JSON Schema examples),json,132,parsed,
10-dcat-us-3.0\json\QualityMeasurement\good\typical_example.json,DCAT-US 3.0 (JSON Schema examples),json,215,parsed,
10-dcat-us-3.0\json\Relationship\bad\invalid_hadRole_type.json,DCAT-US 3.0 (JSON Schema examples),json,114,parsed,
10-dcat-us-3.0\json\Relationship\bad\missing_hadRole.json,DCAT-US 3.0 (JSON Schema examples),json,96,parsed,
10-dcat-us-3.0\json\Relationship\bad\missing_relation.json,DCAT-US 3.0 (JSON Schema examples),json,58,parsed,
10-dcat-us-3.0\json\Relationship\good\complete_example.json,DCAT-US 3.0 (JSON Schema examples),json,207,parsed,
10-dcat-us-3.0\json\Relationship\good\minimal_example.json,DCAT-US 3.0 (JSON Schema examples),json,89,parsed,
10-dcat-us-3.0\json\Relationship\good\null_example.json,DCAT-US 3.0 (JSON Schema examples),json,51,parsed,
10-dcat-us-3.0\json\Relationship\good\typical_example.json,DCAT-US 3.0 (JSON Schema examples),json,119,parsed,
10-dcat-us-3.0\json\Standard\bad\invalid_issued_format.json,DCAT-US 3.0 (JSON Schema examples),json,137,parsed,
10-dcat-us-3.0\json\Standard\bad\invalid_title_type.json,DCAT-US 3.0 (JSON Schema examples),json,117,parsed,
10-dcat-us-3.0\json\Standard\good\complete_example.json,DCAT-US 3.0 (JSON Schema examples),json,1082,parsed,
10-dcat-us-3.0\json\Standard\good\minimal_example.json,DCAT-US 3.0 (JSON Schema examples),json,3,parsed,
10-dcat-us-3.0\json\Standard\good\null_example.json,DCAT-US 3.0 (JSON Schema examples),json,189,parsed,
10-dcat-us-3.0\json\Standard\good\typical_example.json,DCAT-US 3.0 (JSON Schema examples),json,465,parsed,
10-dcat-us-3.0\json\UseRestriction\bad\invalid_restrictionStatus_type.json,DCAT-US 3.0 (JSON Schema examples),json,115,parsed,
10-dcat-us-3.0\json\UseRestriction\bad\missing_required_restrictionStatus.json,DCAT-US 3.0 (JSON Schema examples),json,166,parsed,
10-dcat-us-3.0\json\UseRestriction\good\complete_example.json,DCAT-US 3.0 (JSON Schema examples),json,1198,parsed,
10-dcat-us-3.0\json\UseRestriction\good\minimal_example.json,DCAT-US 3.0 (JSON Schema examples),json,42,parsed,
10-dcat-us-3.0\json\UseRestriction\good\null_example.json,DCAT-US 3.0 (JSON Schema examples),json,88,parsed,
10-dcat-us-3.0\json\UseRestriction\good\typical_example.json,DCAT-US 3.0 (JSON Schema examples),json,262,parsed,
10-dcat-us-3.0\rdf\activity.jsonld,DCAT-US 3.0 (RDF),jsonld,844,parsed,10
10-dcat-us-3.0\rdf\activity.ttl,DCAT-US 3.0 (RDF),ttl,1040,parsed,13
10-dcat-us-3.0\rdf\address-contact.jsonld,DCAT-US 3.0 (RDF),jsonld,306,parsed,6
10-dcat-us-3.0\rdf\address-contact.ttl,DCAT-US 3.0 (RDF),ttl,335,parsed,6
10-dcat-us-3.0\rdf\agent\agent.jsonld,DCAT-US 3.0 (RDF),jsonld,238,parsed,3
10-dcat-us-3.0\rdf\agent\agent.ttl,DCAT-US 3.0 (RDF),ttl,400,parsed,3
10-dcat-us-3.0\rdf\agent\eodataservice.jsonld,DCAT-US 3.0 (RDF),jsonld,397,parsed,6
10-dcat-us-3.0\rdf\agent\eodataservice.ttl,DCAT-US 3.0 (RDF),ttl,603,parsed,6
10-dcat-us-3.0\rdf\antimeridian-bbox.jsonld,DCAT-US 3.0 (RDF),jsonld,436,parsed,7
10-dcat-us-3.0\rdf\antimeridian-bbox.ttl,DCAT-US 3.0 (RDF),ttl,578,parsed,10
10-dcat-us-3.0\rdf\attribution.jsonld,DCAT-US 3.0 (RDF),jsonld,606,parsed,6
10-dcat-us-3.0\rdf\attribution.ttl,DCAT-US 3.0 (RDF),ttl,641,parsed,6
10-dcat-us-3.0\rdf\catalog.jsonld,DCAT-US 3.0 (RDF),jsonld,1483,parsed,19
10-dcat-us-3.0\rdf\catalog.ttl,DCAT-US 3.0 (RDF),ttl,1107,parsed,20
10-dcat-us-3.0\rdf\catalog\catalog.jsonld,DCAT-US 3.0 (RDF),jsonld,2333,parsed,37
10-dcat-us-3.0\rdf\catalog\catalog.ttl,DCAT-US 3.0 (RDF),ttl,2681,parsed,39
10-dcat-us-3.0\rdf\catalog\conforms-to.jsonld,DCAT-US 3.0 (RDF),jsonld,440,parsed,7
10-dcat-us-3.0\rdf\catalog\conforms-to.ttl,DCAT-US 3.0 (RDF),ttl,550,parsed,7
10-dcat-us-3.0\rdf\catalog\dataset.jsonld,DCAT-US 3.0 (RDF),jsonld,919,parsed,14
10-dcat-us-3.0\rdf\catalog\dataset.ttl,DCAT-US 3.0 (RDF),ttl,762,parsed,7
10-dcat-us-3.0\rdf\catalog\description.jsonld,DCAT-US 3.0 (RDF),jsonld,486,parsed,7
10-dcat-us-3.0\rdf\catalog\description.ttl,DCAT-US 3.0 (RDF),ttl,674,parsed,7
10-dcat-us-3.0\rdf\catalog\homepage.jsonld,DCAT-US 3.0 (RDF),jsonld,442,parsed,7
10-dcat-us-3.0\rdf\catalog\homepage.ttl,DCAT-US 3.0 (RDF),ttl,659,parsed,7
10-dcat-us-3.0\rdf\catalog\issued.jsonld,DCAT-US 3.0 (RDF),jsonld,465,parsed,7
10-dcat-us-3.0\rdf\catalog\issued.ttl,DCAT-US 3.0 (RDF),ttl,611,parsed,7
10-dcat-us-3.0\rdf\catalog\language.jsonld,DCAT-US 3.0 (RDF),jsonld,432,parsed,8
10-dcat-us-3.0\rdf\catalog\language.ttl,DCAT-US 3.0 (RDF),ttl,740,parsed,8
10-dcat-us-3.0\rdf\catalog\license.jsonld,DCAT-US 3.0 (RDF),jsonld,460,parsed,7
10-dcat-us-3.0\rdf\catalog\license.ttl,DCAT-US 3.0 (RDF),ttl,579,parsed,7
10-dcat-us-3.0\rdf\catalog\modified.jsonld,DCAT-US 3.0 (RDF),jsonld,465,parsed,7
10-dcat-us-3.0\rdf\catalog\modified.ttl,DCAT-US 3.0 (RDF),ttl,520,parsed,7
10-dcat-us-3.0\rdf\catalog\publisher.jsonld,DCAT-US 3.0 (RDF),jsonld,533,parsed,7
10-dcat-us-3.0\rdf\catalog\publisher.ttl,DCAT-US 3.0 (RDF),ttl,937,parsed,9
10-dcat-us-3.0\rdf\catalog\rights.jsonld,DCAT-US 3.0 (RDF),jsonld,555,parsed,8
10-dcat-us-3.0\rdf\catalog\rights.ttl,DCAT-US 3.0 (RDF),ttl,596,parsed,9
10-dcat-us-3.0\rdf\catalog\rights.ttl.bad,DCAT-US 3.0 (RDF),bad,559,,
10-dcat-us-3.0\rdf\catalog\service.jsonld,DCAT-US 3.0 (RDF),jsonld,1312,parsed,20
10-dcat-us-3.0\rdf\catalog\service.ttl,DCAT-US 3.0 (RDF),ttl,1465,parsed,20
10-dcat-us-3.0\rdf\catalog\spatial.jsonld,DCAT-US 3.0 (RDF),jsonld,1572,parsed,11
10-dcat-us-3.0\rdf\catalog\spatial.ttl,DCAT-US 3.0 (RDF),ttl,1399,parsed,16
10-dcat-us-3.0\rdf\catalog\theme-taxonomy.jsonld,DCAT-US 3.0 (RDF),jsonld,461,parsed,7
10-dcat-us-3.0\rdf\catalog\theme-taxonomy.ttl,DCAT-US 3.0 (RDF),ttl,515,parsed,7
10-dcat-us-3.0\rdf\catalog\title.jsonld,DCAT-US 3.0 (RDF),jsonld,438,parsed,6
10-dcat-us-3.0\rdf\catalog\title.ttl,DCAT-US 3.0 (RDF),ttl,654,parsed,7
10-dcat-us-3.0\rdf\catalog_record.jsonld,DCAT-US 3.0 (RDF),jsonld,647,parsed,6
10-dcat-us-3.0\rdf\catalog_record.ttl,DCAT-US 3.0 (RDF),ttl,508,parsed,6
10-dcat-us-3.0\rdf\character-encoding.jsonld,DCAT-US 3.0 (RDF),jsonld,629,parsed,9
10-dcat-us-3.0\rdf\character-encoding.ttl,DCAT-US 3.0 (RDF),ttl,738,parsed,11
10-dcat-us-3.0\rdf\checksum.jsonld,DCAT-US 3.0 (RDF),jsonld,337,parsed,3
10-dcat-us-3.0\rdf\checksum.ttl,DCAT-US 3.0 (RDF),ttl,343,parsed,3
10-dcat-us-3.0\rdf\concept-scheme-agrovoc.jsonld,DCAT-US 3.0 (RDF),jsonld,931,parsed,7
10-dcat-us-3.0\rdf\concept-scheme-agrovoc.ttl,DCAT-US 3.0 (RDF),ttl,907,parsed,7
10-dcat-us-3.0\rdf\concept-scheme.jsonld,DCAT-US 3.0 (RDF),jsonld,858,parsed,5
10-dcat-us-3.0\rdf\concept-scheme.ttl,DCAT-US 3.0 (RDF),ttl,957,parsed,5
10-dcat-us-3.0\rdf\concept.jsonld,DCAT-US 3.0 (RDF),jsonld,565,parsed,4
10-dcat-us-3.0\rdf\concept.ttl,DCAT-US 3.0 (RDF),ttl,572,parsed,4
10-dcat-us-3.0\rdf\contact-point.jsonld,DCAT-US 3.0 (RDF),jsonld,578,parsed,7
10-dcat-us-3.0\rdf\contact-point.ttl,DCAT-US 3.0 (RDF),ttl,705,parsed,14
10-dcat-us-3.0\rdf\crs.jsonld,DCAT-US 3.0 (RDF),jsonld,715,parsed,6
10-dcat-us-3.0\rdf\crs.ttl,DCAT-US 3.0 (RDF),ttl,796,parsed,9
10-dcat-us-3.0\rdf\dataset-series.jsonld,DCAT-US 3.0 (RDF),jsonld,3296,parsed,42
10-dcat-us-3.0\rdf\dataset-series.ttl,DCAT-US 3.0 (RDF),ttl,2472,parsed,43
10-dcat-us-3.0\rdf\dataset\attributions.jsonld,DCAT-US 3.0 (RDF),jsonld,1739,parsed,25
10-dcat-us-3.0\rdf\dataset\attributions.ttl,DCAT-US 3.0 (RDF),ttl,1656,parsed,27
10-dcat-us-3.0\rdf\dataset\conforms-to.jsonld,DCAT-US 3.0 (RDF),jsonld,368,parsed,5
10-dcat-us-3.0\rdf\dataset\conforms-to.ttl,DCAT-US 3.0 (RDF),ttl,420,parsed,5
10-dcat-us-3.0\rdf\dataset\contact-point.jsonld,DCAT-US 3.0 (RDF),jsonld,419,parsed,8
10-dcat-us-3.0\rdf\dataset\contact-point.ttl,DCAT-US 3.0 (RDF),ttl,464,parsed,8
10-dcat-us-3.0\rdf\dataset\contributor.jsonld,DCAT-US 3.0 (RDF),jsonld,425,parsed,7
10-dcat-us-3.0\rdf\dataset\contributor.ttl,DCAT-US 3.0 (RDF),ttl,525,parsed,7
10-dcat-us-3.0\rdf\dataset\creator.jsonld,DCAT-US 3.0 (RDF),jsonld,421,parsed,7
10-dcat-us-3.0\rdf\dataset\creator.ttl,DCAT-US 3.0 (RDF),ttl,517,parsed,7
10-dcat-us-3.0\rdf\dataset\dataset.jsonld,DCAT-US 3.0 (RDF),jsonld,2036,parsed,30
10-dcat-us-3.0\rdf\dataset\dataset.ttl,DCAT-US 3.0 (RDF),ttl,2317,parsed,36
10-dcat-us-3.0\rdf\dataset\description.jsonld,DCAT-US 3.0 (RDF),jsonld,354,parsed,5
10-dcat-us-3.0\rdf\dataset\description.ttl,DCAT-US 3.0 (RDF),ttl,396,parsed,5
10-dcat-us-3.0\rdf\dataset\distribution.jsonld,DCAT-US 3.0 (RDF),jsonld,400,parsed,6
10-dcat-us-3.0\rdf\dataset\distribution.ttl,DCAT-US 3.0 (RDF),ttl,402,parsed,6
10-dcat-us-3.0\rdf\dataset\documentation.jsonld,DCAT-US 3.0 (RDF),jsonld,410,parsed,7
10-dcat-us-3.0\rdf\dataset\documentation.ttl,DCAT-US 3.0 (RDF),ttl,469,parsed,7
10-dcat-us-3.0\rdf\dataset\frequency.jsonld,DCAT-US 3.0 (RDF),jsonld,312,parsed,5
10-dcat-us-3.0\rdf\dataset\frequency.ttl,DCAT-US 3.0 (RDF),ttl,338,parsed,5
10-dcat-us-3.0\rdf\dataset\geographicbbox.jsonld,DCAT-US 3.0 (RDF),jsonld,506,parsed,10
10-dcat-us-3.0\rdf\dataset\geographicbbox.ttl,DCAT-US 3.0 (RDF),ttl,684,parsed,10
10-dcat-us-3.0\rdf\dataset\identifier.jsonld,DCAT-US 3.0 (RDF),jsonld,316,parsed,5
10-dcat-us-3.0\rdf\dataset\identifier.ttl,DCAT-US 3.0 (RDF),ttl,365,parsed,5
10-dcat-us-3.0\rdf\dataset\image.jsonld,DCAT-US 3.0 (RDF),jsonld,826,parsed,8
10-dcat-us-3.0\rdf\dataset\image.ttl,DCAT-US 3.0 (RDF),ttl,784,parsed,9
10-dcat-us-3.0\rdf\dataset\in_series.jsonld,DCAT-US 3.0 (RDF),jsonld,2198,parsed,22
10-dcat-us-3.0\rdf\dataset\in_series.ttl,DCAT-US 3.0 (RDF),ttl,1963,parsed,34
10-dcat-us-3.0\rdf\dataset\is-referenced-by.jsonld,DCAT-US 3.0 (RDF),jsonld,599,parsed,9
10-dcat-us-3.0\rdf\dataset\is-referenced-by.ttl,DCAT-US 3.0 (RDF),ttl,513,parsed,9
10-dcat-us-3.0\rdf\dataset\issued.jsonld,DCAT-US 3.0 (RDF),jsonld,351,parsed,5
10-dcat-us-3.0\rdf\dataset\issued.ttl,DCAT-US 3.0 (RDF),ttl,365,parsed,5
10-dcat-us-3.0\rdf\dataset\keyword.jsonld,DCAT-US 3.0 (RDF),jsonld,447,parsed,9
10-dcat-us-3.0\rdf\dataset\keyword.ttl,DCAT-US 3.0 (RDF),ttl,486,parsed,9
10-dcat-us-3.0\rdf\dataset\landing-page.jsonld,DCAT-US 3.0 (RDF),jsonld,335,parsed,5
10-dcat-us-3.0\rdf\dataset\landing-page.ttl,DCAT-US 3.0 (RDF),ttl,406,parsed,5
10-dcat-us-3.0\rdf\dataset\language.jsonld,DCAT-US 3.0 (RDF),jsonld,324,parsed,6
10-dcat-us-3.0\rdf\dataset\language.ttl,DCAT-US 3.0 (RDF),ttl,439,parsed,6
10-dcat-us-3.0\rdf\dataset\metadata-distribution.jsonld,DCAT-US 3.0 (RDF),jsonld,797,parsed,4
10-dcat-us-3.0\rdf\dataset\metadata-distribution.ttl,DCAT-US 3.0 (RDF),ttl,996,parsed,11
10-dcat-us-3.0\rdf\dataset\modified.jsonld,DCAT-US 3.0 (RDF),jsonld,367,parsed,5
10-dcat-us-3.0\rdf\dataset\modified.ttl,DCAT-US 3.0 (RDF),ttl,366,parsed,5
10-dcat-us-3.0\rdf\dataset\other-identifier.jsonld,DCAT-US 3.0 (RDF),jsonld,500,parsed,9
10-dcat-us-3.0\rdf\dataset\other-identifier.ttl,DCAT-US 3.0 (RDF),ttl,687,parsed,9
10-dcat-us-3.0\rdf\dataset\provenance.jsonld,DCAT-US 3.0 (RDF),jsonld,652,parsed,7
10-dcat-us-3.0\rdf\dataset\provenance.ttl,DCAT-US 3.0 (RDF),ttl,738,parsed,7
10-dcat-us-3.0\rdf\dataset\publisher.jsonld,DCAT-US 3.0 (RDF),jsonld,453,parsed,5
10-dcat-us-3.0\rdf\dataset\publisher.ttl,DCAT-US 3.0 (RDF),ttl,566,parsed,7
10-dcat-us-3.0\rdf\dataset\qualified-attribution.jsonld,DCAT-US 3.0 (RDF),jsonld,650,parsed,12
10-dcat-us-3.0\rdf\dataset\qualified-attribution.ttl,DCAT-US 3.0 (RDF),ttl,720,parsed,12
10-dcat-us-3.0\rdf\dataset\qualified-relation.jsonld,DCAT-US 3.0 (RDF),jsonld,483,parsed,8
10-dcat-us-3.0\rdf\dataset\qualified-relation.ttl,DCAT-US 3.0 (RDF),ttl,518,parsed,8
10-dcat-us-3.0\rdf\dataset\sample.jsonld,DCAT-US 3.0 (RDF),jsonld,856,parsed,14
10-dcat-us-3.0\rdf\dataset\sample.ttl,DCAT-US 3.0 (RDF),ttl,994,parsed,13
10-dcat-us-3.0\rdf\dataset\spatial -framed.jsonld,DCAT-US 3.0 (RDF),jsonld,1234,parsed,1
10-dcat-us-3.0\rdf\dataset\spatial-resolution.jsonld,DCAT-US 3.0 (RDF),jsonld,380,parsed,5
10-dcat-us-3.0\rdf\dataset\spatial-resolution.ttl,DCAT-US 3.0 (RDF),ttl,410,parsed,5
10-dcat-us-3.0\rdf\dataset\spatial.jsonld,DCAT-US 3.0 (RDF),jsonld,1260,parsed,16
10-dcat-us-3.0\rdf\dataset\spatial.ttl,DCAT-US 3.0 (RDF),ttl,1353,parsed,16
10-dcat-us-3.0\rdf\dataset\supported-schema.jsonld,DCAT-US 3.0 (RDF),jsonld,1379,parsed,17
10-dcat-us-3.0\rdf\dataset\supported-schema.ttl,DCAT-US 3.0 (RDF),ttl,1348,parsed,17
10-dcat-us-3.0\rdf\dataset\temporal-resolution.jsonld,DCAT-US 3.0 (RDF),jsonld,442,parsed,5
10-dcat-us-3.0\rdf\dataset\temporal-resolution.ttl,DCAT-US 3.0 (RDF),ttl,485,parsed,5
10-dcat-us-3.0\rdf\dataset\temporal.jsonld,DCAT-US 3.0 (RDF),jsonld,524,parsed,8
10-dcat-us-3.0\rdf\dataset\temporal.ttl,DCAT-US 3.0 (RDF),ttl,496,parsed,8
10-dcat-us-3.0\rdf\dataset\theme.jsonld,DCAT-US 3.0 (RDF),jsonld,596,parsed,10
10-dcat-us-3.0\rdf\dataset\theme.ttl,DCAT-US 3.0 (RDF),ttl,734,parsed,10
10-dcat-us-3.0\rdf\dataset\title.jsonld,DCAT-US 3.0 (RDF),jsonld,383,parsed,6
10-dcat-us-3.0\rdf\dataset\title.ttl,DCAT-US 3.0 (RDF),ttl,442,parsed,6
10-dcat-us-3.0\rdf\dataset\usage-note.jsonld,DCAT-US 3.0 (RDF),jsonld,689,parsed,5
10-dcat-us-3.0\rdf\dataset\usage-note.ttl,DCAT-US 3.0 (RDF),ttl,889,parsed,5
10-dcat-us-3.0\rdf\dataset\was-generated-by.jsonld,DCAT-US 3.0 (RDF),jsonld,505,parsed,7
10-dcat-us-3.0\rdf\dataset\was-generated-by.ttl,DCAT-US 3.0 (RDF),ttl,692,parsed,8
10-dcat-us-3.0\rdf\distribution\access-service.jsonld,DCAT-US 3.0 (RDF),jsonld,645,parsed,2
10-dcat-us-3.0\rdf\distribution\access-service.ttl,DCAT-US 3.0 (RDF),ttl,649,parsed,9
10-dcat-us-3.0\rdf\distribution\access-url.jsonld,DCAT-US 3.0 (RDF),jsonld,268,parsed,2
10-dcat-us-3.0\rdf\distribution\access-url.ttl,DCAT-US 3.0 (RDF),ttl,190,parsed,2
10-dcat-us-3.0\rdf\distribution\availability.jsonld,DCAT-US 3.0 (RDF),jsonld,319,parsed,2
10-dcat-us-3.0\rdf\distribution\availability.ttl,DCAT-US 3.0 (RDF),ttl,340,parsed,2
10-dcat-us-3.0\rdf\distribution\byte-size.jsonld,DCAT-US 3.0 (RDF),jsonld,212,parsed,2
10-dcat-us-3.0\rdf\distribution\byte-size.ttl,DCAT-US 3.0 (RDF),ttl,218,parsed,2
10-dcat-us-3.0\rdf\distribution\checksum.jsonld,DCAT-US 3.0 (RDF),jsonld,640,parsed,6
10-dcat-us-3.0\rdf\distribution\checksum.ttl,DCAT-US 3.0 (RDF),ttl,552,parsed,6
10-dcat-us-3.0\rdf\distribution\conforms-to.jsonld,DCAT-US 3.0 (RDF),jsonld,256,parsed,2
10-dcat-us-3.0\rdf\distribution\conforms-to.ttl,DCAT-US 3.0 (RDF),ttl,238,parsed,2
10-dcat-us-3.0\rdf\distribution\description.jsonld,DCAT-US 3.0 (RDF),jsonld,247,parsed,2
10-dcat-us-3.0\rdf\distribution\description.ttl,DCAT-US 3.0 (RDF),ttl,227,parsed,2
10-dcat-us-3.0\rdf\distribution\distribution.jsonld,DCAT-US 3.0 (RDF),jsonld,1040,parsed,11
10-dcat-us-3.0\rdf\distribution\distribution.ttl,DCAT-US 3.0 (RDF),ttl,1096,parsed,11
10-dcat-us-3.0\rdf\distribution\documentation.jsonld,DCAT-US 3.0 (RDF),jsonld,425,parsed,4
10-dcat-us-3.0\rdf\distribution\documentation.ttl,DCAT-US 3.0 (RDF),ttl,353,parsed,4
10-dcat-us-3.0\rdf\distribution\download-url.jsonld,DCAT-US 3.0 (RDF),jsonld,442,parsed,3
10-dcat-us-3.0\rdf\distribution\download-url.ttl,DCAT-US 3.0 (RDF),ttl,284,parsed,3
10-dcat-us-3.0\rdf\distribution\format.jsonld,DCAT-US 3.0 (RDF),jsonld,579,parsed,6
10-dcat-us-3.0\rdf\distribution\format.ttl,DCAT-US 3.0 (RDF),ttl,422,parsed,6
10-dcat-us-3.0\rdf\distribution\identifier.jsonld,DCAT-US 3.0 (RDF),jsonld,257,parsed,2
10-dcat-us-3.0\rdf\distribution\identifier.ttl,DCAT-US 3.0 (RDF),ttl,281,parsed,2
10-dcat-us-3.0\rdf\distribution\image.jsonld,DCAT-US 3.0 (RDF),jsonld,295,parsed,3
10-dcat-us-3.0\rdf\distribution\image.ttl,DCAT-US 3.0 (RDF),ttl,269,parsed,3
10-dcat-us-3.0\rdf\distribution\issued.jsonld,DCAT-US 3.0 (RDF),jsonld,287,parsed,2
10-dcat-us-3.0\rdf\distribution\issued.ttl,DCAT-US 3.0 (RDF),ttl,255,parsed,2
10-dcat-us-3.0\rdf\distribution\language.jsonld,DCAT-US 3.0 (RDF),jsonld,206,parsed,2
10-dcat-us-3.0\rdf\distribution\language.ttl,DCAT-US 3.0 (RDF),ttl,226,parsed,2
10-dcat-us-3.0\rdf\distribution\media-type.jsonld,DCAT-US 3.0 (RDF),jsonld,619,parsed,7
10-dcat-us-3.0\rdf\distribution\media-type.ttl,DCAT-US 3.0 (RDF),ttl,776,parsed,10
10-dcat-us-3.0\rdf\distribution\media-type1.jsonld,DCAT-US 3.0 (RDF),jsonld,448,parsed,6
10-dcat-us-3.0\rdf\distribution\media-type2.jsonld,DCAT-US 3.0 (RDF),jsonld,292,parsed,4
10-dcat-us-3.0\rdf\distribution\media-type3.jsonld,DCAT-US 3.0 (RDF),jsonld,337,parsed,4
10-dcat-us-3.0\rdf\distribution\modified.jsonld,DCAT-US 3.0 (RDF),jsonld,289,parsed,2
10-dcat-us-3.0\rdf\distribution\modified.ttl,DCAT-US 3.0 (RDF),ttl,256,parsed,2
10-dcat-us-3.0\rdf\distribution\packaging-format.jsonld,DCAT-US 3.0 (RDF),jsonld,505,parsed,5
10-dcat-us-3.0\rdf\distribution\packaging-format.ttl,DCAT-US 3.0 (RDF),ttl,501,parsed,5
10-dcat-us-3.0\rdf\distribution\rights.jsonld,DCAT-US 3.0 (RDF),jsonld,1156,parsed,6
10-dcat-us-3.0\rdf\distribution\rights.ttl,DCAT-US 3.0 (RDF),ttl,1162,parsed,6
10-dcat-us-3.0\rdf\distribution\temporal-resolution.jsonld,DCAT-US 3.0 (RDF),jsonld,207,parsed,2
10-dcat-us-3.0\rdf\distribution\temporal-resolution.ttl,DCAT-US 3.0 (RDF),ttl,204,parsed,2
10-dcat-us-3.0\rdf\distribution\title.jsonld,DCAT-US 3.0 (RDF),jsonld,241,parsed,2
10-dcat-us-3.0\rdf\distribution\title.ttl,DCAT-US 3.0 (RDF),ttl,206,parsed,2
10-dcat-us-3.0\rdf\document.jsonld,DCAT-US 3.0 (RDF),jsonld,1546,parsed,11
10-dcat-us-3.0\rdf\document.ttl,DCAT-US 3.0 (RDF),ttl,1615,parsed,12
10-dcat-us-3.0\rdf\example1-dcat-us-3.0.json,DCAT-US 3.0 (RDF),json,6306,parsed,
10-dcat-us-3.0\rdf\example1-dcat-us-3.0.ttl,DCAT-US 3.0 (RDF),ttl,7124,parsed,82
10-dcat-us-3.0\rdf\identifier.jsonld,DCAT-US 3.0 (RDF),jsonld,378,parsed,5
10-dcat-us-3.0\rdf\identifier.ttl,DCAT-US 3.0 (RDF),ttl,522,parsed,5
10-dcat-us-3.0\rdf\liability-statement.ttl,DCAT-US 3.0 (RDF),ttl,676,parsed,7
10-dcat-us-3.0\rdf\liability-statement1.jsonld,DCAT-US 3.0 (RDF),jsonld,397,parsed,4
10-dcat-us-3.0\rdf\license-document.jsonld,DCAT-US 3.0 (RDF),jsonld,1664,parsed,13
10-dcat-us-3.0\rdf\license-document.ttl,DCAT-US 3.0 (RDF),ttl,1819,parsed,15
10-dcat-us-3.0\rdf\location.jsonld,DCAT-US 3.0 (RDF),jsonld,1104,parsed,10
10-dcat-us-3.0\rdf\location.ttl,DCAT-US 3.0 (RDF),ttl,996,parsed,10
10-dcat-us-3.0\rdf\media-type.jsonld,DCAT-US 3.0 (RDF),jsonld,745,parsed,9
10-dcat-us-3.0\rdf\media-type.ttl,DCAT-US 3.0 (RDF),ttl,763,parsed,9
10-dcat-us-3.0\rdf\metric.jsonld,DCAT-US 3.0 (RDF),jsonld,1055,parsed,10
10-dcat-us-3.0\rdf\metric.ttl,DCAT-US 3.0 (RDF),ttl,843,parsed,10
10-dcat-us-3.0\rdf\multiple-languages\landing-page.jsonld,DCAT-US 3.0 (RDF),jsonld,472,parsed,5
10-dcat-us-3.0\rdf\multiple-languages\landing-page.ttl,DCAT-US 3.0 (RDF),ttl,518,parsed,5
10-dcat-us-3.0\rdf\multiple-languages\title.jsonld,DCAT-US 3.0 (RDF),jsonld,456,parsed,8
10-dcat-us-3.0\rdf\multiple-languages\title.ttl,DCAT-US 3.0 (RDF),ttl,574,parsed,8
10-dcat-us-3.0\rdf\nps-organization.jsonld,DCAT-US 3.0 (RDF),jsonld,1268,parsed,19
10-dcat-us-3.0\rdf\nps-organization.ttl,DCAT-US 3.0 (RDF),ttl,1195,parsed,19
10-dcat-us-3.0\rdf\organization.jsonld,DCAT-US 3.0 (RDF),jsonld,894,parsed,12
10-dcat-us-3.0\rdf\organization.ttl,DCAT-US 3.0 (RDF),ttl,792,parsed,12
10-dcat-us-3.0\rdf\person.jsonld,DCAT-US 3.0 (RDF),jsonld,542,parsed,5
10-dcat-us-3.0\rdf\person.ttl,DCAT-US 3.0 (RDF),ttl,552,parsed,8
10-dcat-us-3.0\rdf\program.jsonld,DCAT-US 3.0 (RDF),jsonld,320,parsed,2
10-dcat-us-3.0\rdf\program.ttl,DCAT-US 3.0 (RDF),ttl,366,parsed,4
10-dcat-us-3.0\rdf\provenance-statement.jsonld,DCAT-US 3.0 (RDF),jsonld,1175,parsed,5
10-dcat-us-3.0\rdf\provenance-statement.ttl,DCAT-US 3.0 (RDF),ttl,1167,parsed,5
10-dcat-us-3.0\rdf\quality-measurement.jsonld,DCAT-US 3.0 (RDF),jsonld,851,parsed,8
10-dcat-us-3.0\rdf\quality-measurement.ttl,DCAT-US 3.0 (RDF),ttl,726,parsed,8
10-dcat-us-3.0\rdf\relationship.jsonld,DCAT-US 3.0 (RDF),jsonld,318,parsed,3
10-dcat-us-3.0\rdf\relationship.ttl,DCAT-US 3.0 (RDF),ttl,267,parsed,3
10-dcat-us-3.0\rdf\restriction\access-restriction.jsonld,DCAT-US 3.0 (RDF),jsonld,2661,parsed,19
10-dcat-us-3.0\rdf\restriction\access-restriction.ttl,DCAT-US 3.0 (RDF),ttl,2264,parsed,19
10-dcat-us-3.0\rdf\restriction\cuiRestriction.jsonld,DCAT-US 3.0 (RDF),jsonld,851,parsed,6
10-dcat-us-3.0\rdf\restriction\cuiRestriction.ttl,DCAT-US 3.0 (RDF),ttl,798,parsed,6
10-dcat-us-3.0\rdf\restriction\use-restriction.jsonld,DCAT-US 3.0 (RDF),jsonld,2300,parsed,18
10-dcat-us-3.0\rdf\restriction\use-restriction.ttl,DCAT-US 3.0 (RDF),ttl,1990,parsed,18
10-dcat-us-3.0\rdf\rights-statement.jsonld,DCAT-US 3.0 (RDF),jsonld,435,parsed,4
10-dcat-us-3.0\rdf\rights-statement.ttl,DCAT-US 3.0 (RDF),ttl,328,parsed,4
10-dcat-us-3.0\rdf\service\access-rights.jsonld,DCAT-US 3.0 (RDF),jsonld,509,parsed,7
10-dcat-us-3.0\rdf\service\access-rights.ttl,DCAT-US 3.0 (RDF),ttl,541,parsed,7
10-dcat-us-3.0\rdf\service\contact-point.jsonld,DCAT-US 3.0 (RDF),jsonld,489,parsed,9
10-dcat-us-3.0\rdf\service\contact-point.ttl,DCAT-US 3.0 (RDF),ttl,538,parsed,9
10-dcat-us-3.0\rdf\service\documentation.jsonld,DCAT-US 3.0 (RDF),jsonld,484,parsed,6
10-dcat-us-3.0\rdf\service\documentation.ttl,DCAT-US 3.0 (RDF),ttl,567,parsed,7
10-dcat-us-3.0\rdf\service\endpoint-description.jsonld,DCAT-US 3.0 (RDF),jsonld,706,parsed,11
10-dcat-us-3.0\rdf\service\endpoint-description.ttl,DCAT-US 3.0 (RDF),ttl,841,parsed,11
10-dcat-us-3.0\rdf\service\endpoint-url.jsonld,DCAT-US 3.0 (RDF),jsonld,435,parsed,6
10-dcat-us-3.0\rdf\service\endpoint-url.ttl,DCAT-US 3.0 (RDF),ttl,572,parsed,6
10-dcat-us-3.0\rdf\service\keyword.jsonld,DCAT-US 3.0 (RDF),jsonld,606,parsed,10
10-dcat-us-3.0\rdf\service\keyword.ttl,DCAT-US 3.0 (RDF),ttl,598,parsed,10
10-dcat-us-3.0\rdf\service\landing-page.jsonld,DCAT-US 3.0 (RDF),jsonld,491,parsed,6
10-dcat-us-3.0\rdf\service\landing-page.ttl,DCAT-US 3.0 (RDF),ttl,568,parsed,7
10-dcat-us-3.0\rdf\service\license.jsonld,DCAT-US 3.0 (RDF),jsonld,491,parsed,7
10-dcat-us-3.0\rdf\service\license.ttl,DCAT-US 3.0 (RDF),ttl,540,parsed,7
10-dcat-us-3.0\rdf\service\publisher.jsonld,DCAT-US 3.0 (RDF),jsonld,601,parsed,7
10-dcat-us-3.0\rdf\service\publisher.ttl,DCAT-US 3.0 (RDF),ttl,733,parsed,9
10-dcat-us-3.0\rdf\service\serves-dataset.jsonld,DCAT-US 3.0 (RDF),jsonld,593,parsed,8
10-dcat-us-3.0\rdf\service\serves-dataset.ttl,DCAT-US 3.0 (RDF),ttl,739,parsed,8
10-dcat-us-3.0\rdf\service\service.jsonld,DCAT-US 3.0 (RDF),jsonld,1668,parsed,29
10-dcat-us-3.0\rdf\service\service.ttl,DCAT-US 3.0 (RDF),ttl,1949,parsed,30
10-dcat-us-3.0\rdf\service\title.jsonld,DCAT-US 3.0 (RDF),jsonld,608,parsed,7
10-dcat-us-3.0\rdf\service\title.ttl,DCAT-US 3.0 (RDF),ttl,727,parsed,7
10-dcat-us-3.0\rdf\standard-crs.jsonld,DCAT-US 3.0 (RDF),jsonld,842,parsed,8
10-dcat-us-3.0\rdf\standard-crs.ttl,DCAT-US 3.0 (RDF),ttl,767,parsed,8
10-dcat-us-3.0\rdf\standard.jsonld,DCAT-US 3.0 (RDF),jsonld,1343,parsed,15
10-dcat-us-3.0\rdf\standard.ttl,DCAT-US 3.0 (RDF),ttl,1131,parsed,15
11-dcat-us-1.1-pod\real-world\README.md,DCAT-US 1.1 / POD (real agency data.json),md,1459,,
11-dcat-us-1.1-pod\real-world\arm.data.json,DCAT-US 1.1 / POD (real agency data.json),json,4464,parsed,
11-dcat-us-1.1-pod\real-world\collection-1-parent-2-children.data.json,DCAT-US 1.1 / POD (real agency data.json),json,7830,parsed,
11-dcat-us-1.1-pod\real-world\collection-2-parent-4-children.data.json,DCAT-US 1.1 / POD (real agency data.json),json,14027,parsed,
11-dcat-us-1.1-pod\real-world\geospatial.data.json,DCAT-US 1.1 / POD (real agency data.json),json,7454,parsed,
11-dcat-us-1.1-pod\real-world\large-spatial.data.json,DCAT-US 1.1 / POD (real agency data.json),json,310979,parsed,
11-dcat-us-1.1-pod\real-world\many-resources.data.json,DCAT-US 1.1 / POD (real agency data.json),json,4619,parsed,
11-dcat-us-1.1-pod\real-world\missing-catalog.data.json,DCAT-US 1.1 / POD (real agency data.json),json,918,parsed,
11-dcat-us-1.1-pod\real-world\missing-dataset-fields.data.json,DCAT-US 1.1 / POD (real agency data.json),json,1059,parsed,
11-dcat-us-1.1-pod\real-world\missing-identifier-title.data.json,DCAT-US 1.1 / POD (real agency data.json),json,3259,parsed,
11-dcat-us-1.1-pod\real-world\null-spatial.data.json,DCAT-US 1.1 / POD (real agency data.json),json,1315,parsed,
11-dcat-us-1.1-pod\real-world\numerical-title.data.json,DCAT-US 1.1 / POD (real agency data.json),json,1292,parsed,
11-dcat-us-1.1-pod\real-world\ny.data.json,DCAT-US 1.1 / POD (real agency data.json),json,2520,parsed,
11-dcat-us-1.1-pod\real-world\reserved-title.data.json,DCAT-US 1.1 / POD (real agency data.json),json,1314,parsed,
11-dcat-us-1.1-pod\real-world\usda.gov.data.json,DCAT-US 1.1 / POD (real agency data.json),json,9730,parsed,
11-dcat-us-1.1-pod\spec-samples\catalog-sample-extended.csv,DCAT-US 1.1 / POD (spec samples),csv,2972,,
11-dcat-us-1.1-pod\spec-samples\catalog-sample-extended.json,DCAT-US 1.1 / POD (spec samples),json,10089,parsed,
11-dcat-us-1.1-pod\spec-samples\catalog-sample.csv,DCAT-US 1.1 / POD (spec samples),csv,1380,,
11-dcat-us-1.1-pod\spec-samples\catalog-sample.json,DCAT-US 1.1 / POD (spec samples),json,3673,parsed,
12-ckan-crosswalk\catalog.json,CKAN <-> DCAT crosswalk fixtures,json,4752,parsed,
12-ckan-crosswalk\catalog_datasets_list.json,CKAN <-> DCAT crosswalk fixtures,json,3906,parsed,
12-ckan-crosswalk\ckan_dataset.json,CKAN <-> DCAT crosswalk fixtures,json,1392,parsed,
12-ckan-crosswalk\ckan_dataset_multilingual.json,CKAN <-> DCAT crosswalk fixtures,json,2914,parsed,
12-ckan-crosswalk\ckan_dcat_ap_dataset_series.json,CKAN <-> DCAT crosswalk fixtures,json,1237,parsed,
12-ckan-crosswalk\ckan_full_dataset_croissant.json,CKAN <-> DCAT crosswalk fixtures,json,2638,parsed,
12-ckan-crosswalk\ckan_full_dataset_dcat_ap.json,CKAN <-> DCAT crosswalk fixtures,json,6673,parsed,
12-ckan-crosswalk\ckan_full_dataset_dcat_ap_legacy.json,CKAN <-> DCAT crosswalk fixtures,json,5198,parsed,
12-ckan-crosswalk\ckan_full_dataset_dcat_ap_vocabularies.json,CKAN <-> DCAT crosswalk fixtures,json,7445,parsed,
12-ckan-crosswalk\ckan_full_dataset_dcat_us_vocabularies.json,CKAN <-> DCAT crosswalk fixtures,json,7492,parsed,
12-ckan-crosswalk\dataset.json,CKAN <-> DCAT crosswalk fixtures,json,918,parsed,
12-ckan-crosswalk\full_ckan_dataset_legacy.json,CKAN <-> DCAT crosswalk fixtures,json,12865,parsed,
12-ckan-crosswalk\health_dcat_ap.json,CKAN <-> DCAT crosswalk fixtures,json,8825,parsed,
_schemas\dcat-ap-3.0.1-shacl\deprecateduris.ttl,schemas / SHACL shapes,ttl,4144,parsed,52
_schemas\dcat-ap-3.0.1-shacl\imports.ttl,schemas / SHACL shapes,ttl,1435,parsed,11
_schemas\dcat-ap-3.0.1-shacl\mdr-vocabularies.shape.ttl,schemas / SHACL shapes,ttl,19592,parsed,390
_schemas\dcat-ap-3.0.1-shacl\mdr_imports.ttl,schemas / SHACL shapes,ttl,1622,parsed,14
_schemas\dcat-ap-3.0.1-shacl\range.ttl,schemas / SHACL shapes,ttl,12490,parsed,377
_schemas\dcat-ap-3.0.1-shacl\shapes.ttl,schemas / SHACL shapes,ttl,20619,parsed,666
_schemas\dcat-ap-3.0.1-shacl\shapes_recommended.ttl,schemas / SHACL shapes,ttl,10170,parsed,264
_schemas\dcat-us-3.0-jsonschema\AccessRestriction.json,schemas / SHACL shapes,json,3006,parsed,
_schemas\dcat-us-3.0-jsonschema\Activity.json,schemas / SHACL shapes,json,2063,parsed,
_schemas\dcat-us-3.0-jsonschema\Address.json,schemas / SHACL shapes,json,2806,parsed,
_schemas\dcat-us-3.0-jsonschema\Agent.json,schemas / SHACL shapes,json,1786,parsed,
_schemas\dcat-us-3.0-jsonschema\Attribution.json,schemas / SHACL shapes,json,1671,parsed,
_schemas\dcat-us-3.0-jsonschema\CUIRestriction.json,schemas / SHACL shapes,json,3037,parsed,
_schemas\dcat-us-3.0-jsonschema\Catalog.json,schemas / SHACL shapes,json,18479,parsed,
_schemas\dcat-us-3.0-jsonschema\CatalogRecord.json,schemas / SHACL shapes,json,7602,parsed,
_schemas\dcat-us-3.0-jsonschema\Checksum.json,schemas / SHACL shapes,json,1971,parsed,
_schemas\dcat-us-3.0-jsonschema\Concept.json,schemas / SHACL shapes,json,4890,parsed,
_schemas\dcat-us-3.0-jsonschema\ConceptScheme.json,schemas / SHACL shapes,json,5758,parsed,
_schemas\dcat-us-3.0-jsonschema\DataService.json,schemas / SHACL shapes,json,19119,parsed,
_schemas\dcat-us-3.0-jsonschema\Dataset.json,schemas / SHACL shapes,json,35952,parsed,
_schemas\dcat-us-3.0-jsonschema\DatasetSeries.json,schemas / SHACL shapes,json,13280,parsed,
_schemas\dcat-us-3.0-jsonschema\Distribution.json,schemas / SHACL shapes,json,21183,parsed,
_schemas\dcat-us-3.0-jsonschema\Document.json,schemas / SHACL shapes,json,8730,parsed,
_schemas\dcat-us-3.0-jsonschema\Identifier.json,schemas / SHACL shapes,json,3122,parsed,
_schemas\dcat-us-3.0-jsonschema\Kind.json,schemas / SHACL shapes,json,4009,parsed,
_schemas\dcat-us-3.0-jsonschema\Location.json,schemas / SHACL shapes,json,7652,parsed,
_schemas\dcat-us-3.0-jsonschema\Metric.json,schemas / SHACL shapes,json,2608,parsed,
_schemas\dcat-us-3.0-jsonschema\Organization.json,schemas / SHACL shapes,json,3677,parsed,
_schemas\dcat-us-3.0-jsonschema\PeriodOfTime.json,schemas / SHACL shapes,json,3702,parsed,
_schemas\dcat-us-3.0-jsonschema\QualityMeasurement.json,schemas / SHACL shapes,json,2237,parsed,
_schemas\dcat-us-3.0-jsonschema\Relationship.json,schemas / SHACL shapes,json,2300,parsed,
_schemas\dcat-us-3.0-jsonschema\Standard.json,schemas / SHACL shapes,json,7345,parsed,
_schemas\dcat-us-3.0-jsonschema\UseRestriction.json,schemas / SHACL shapes,json,3263,parsed,
_schemas\dcat-us-3.0-shacl\dcat-us_3.0_shacl_shapes.ttl,schemas / SHACL shapes,ttl,139001,parsed,4042
_schemas\geodcat-ap-3.1.0-shacl\geodcat-ap-SHACL.jsonld,schemas / SHACL shapes,jsonld,385522,parsed,4128
_schemas\geodcat-ap-3.1.0-shacl\geodcat-ap-SHACL.ttl,schemas / SHACL shapes,ttl,355901,parsed,4128
_schemas\healthdcat-ap-shacl\HealthDCAT-AP_imports-v0.1.0.ttl,schemas / SHACL shapes,ttl,1500,parsed,11
_schemas\healthdcat-ap-shacl\HealthDCAT-AP_imports.ttl,schemas / SHACL shapes,ttl,1510,parsed,11
_schemas\healthdcat-ap-shacl\HealthDCAT-AP_mdr-imports-v0.1.0.ttl,schemas / SHACL shapes,ttl,1908,parsed,17
_schemas\healthdcat-ap-shacl\HealthDCAT-AP_mdr-imports.ttl,schemas / SHACL shapes,ttl,1918,parsed,17
_schemas\healthdcat-ap-shacl\HealthDCAT-AP_mdr-vocabularies-shapes-v0.1.0.ttl,schemas / SHACL shapes,ttl,22562,parsed,419
_schemas\healthdcat-ap-shacl\HealthDCAT-AP_mdr-vocabularies-shapes.ttl,schemas / SHACL shapes,ttl,22572,parsed,419
_schemas\healthdcat-ap-shacl\HealthDCAT-AP_opendata-shapes-v0.1.1.ttl,schemas / SHACL shapes,ttl,33896,parsed,925
_schemas\healthdcat-ap-shacl\HealthDCAT-AP_opendata-shapes.ttl,schemas / SHACL shapes,ttl,33904,parsed,931
_schemas\healthdcat-ap-shacl\HealthDCAT-AP_protected-shapes-v0.1.1.ttl,schemas / SHACL shapes,ttl,34047,parsed,926
_schemas\healthdcat-ap-shacl\HealthDCAT-AP_protected-shapes.ttl,schemas / SHACL shapes,ttl,34055,parsed,932
_schemas\healthdcat-ap-shacl\HealthDCAT-AP_ranges-v0.1.1.ttl,schemas / SHACL shapes,ttl,14825,parsed,431
_schemas\healthdcat-ap-shacl\HealthDCAT-AP_ranges.ttl,schemas / SHACL shapes,ttl,14835,parsed,431
_schemas\healthdcat-ap-shacl\HealthDCAT-AP_sensitive-shapes-v0.1.1.ttl,schemas / SHACL shapes,ttl,34951,parsed,944
_schemas\healthdcat-ap-shacl\HealthDCAT-AP_sensitive-shapes.ttl,schemas / SHACL shapes,ttl,34961,parsed,950
